Id,ItemNumber,ItemDescription,ItemPrice,UpcCode,ItemStatus,UnitOfMeasure,UomUnit,FDA
1,AAAF00SE0010000,SE DIAL-A-DIET DIGITAL AUTO FEEDER,28.78,9325140000000,A,EA,1,N
2,AAAF00UT0010000,UT LCD AUTO FEEDER,20.76,6938100000000,X,EA,1,Y
3,AABT00AM0030000,AM PLANKTON LIGHT REACTOR,220.5,4014690000000,X,EA,1,N
4,AABT00TZ0010000,TZ HANG-ON BREEDING BOX LG,9.14,4719860000000,A,EA,1,N
5,AABT00TZ0020000,TZ HANG-ON BREEDING BOX MD,6.79,4719860000000,D,EA,1,N
6,AABT00TZ0030000,TZ SHRIMP EGG HATCHING TUMBLER,13.05,4719860000000,A,EA,1,N
7,AACB00CA0010000,CA VIAAQUA ALGAE MAGNETS (LG),4.01,9325140000000,X,EA,1,N
8,AACB00EH0020000,EH BRUSH SET HOBBY PUMPS,2.83,4011710000000,X,EA,1,N
9,AACB00EH0040000,EH CLEANING BRUSH 394 SHORT,2.47,4011710000000,X,EA,1,N
10,AACB00EH0070000,EH CLEANING BRUSH 694/794,3.24,4011710000000,X,EA,1,N
11,AACB00QL0010000,QL AQUARIUM TONG 50CM,3.2,5607330000000,A,EA,1,N
12,AACB00QL0020000,QL AQUARIUM TONG 70CM,3.51,5607330000000,A,EA,1,N
13,AACB00SQ0010000,SQ PUMP CLEAN 32 OZ,10.08,8011470000000,A,EA,1,N
14,AACB00TR0010000,TR SCISSORS 25CM,22.5,5703250000000,X,CS,3,N
15,AACB00TR0020000,TR TWEEZERS 25CM,17.29,5703250000000,X,EA,1,N
16,AACB00TZ0010000,TZ ALGAE SCRUBBER W/EXTENDING RODS),4.52,4719860000000,D,EA,1,N
17,AACB00TZ0020000,TZ HOSE HOLDER,1.69,4719860000000,A,EA,1,N
18,AACB00TZ0030000,TZ MULTI-FUNCTION HOSE HOLDER (2 PCS),2.52,4719860000000,A,EA,1,N
19,AACB00TZ0050000,TZ SCRAPER SHORT,4.04,4719860000000,A,PK,6,N
20,AACB00TZ0060000,TZ SCRAPER SHORT BLADE,2.36,4719860000000,A,PK,6,N
21,AAEP00TZ0010000,TZ ISTA INSTANT GLUE 4GR,1.25,4719860000000,D,PK,25,N
22,AAEP00TZ0020000,TZ INSTANT GLUE 2PK,2.74,4719860000000,A,EA,1,N
23,AAFT00AM0020000,AM PEST TRAP,37.94,4025900000000,D,EA,1,N
24,AAFT00TZ0010000,TZ SNAIL TRAP,5.63,4719860000000,A,EA,1,N
25,AAMB00CU0010000,"CU MEDIA BAG 12""X15"", 250 MICRON",1.58,8429590000000,X,EA,1,N
26,AAMB00CU0030000,"CU MEDIA BAG 12""X18"", 250 MICRON",1.99,8429590000000,X,EA,1,N
27,AAMB00WR0010000,"WR FILTER CUP 4""",9.05,6972810000000,D,EA,1,N
28,AAOT00EM0030000,EM US PROPAGATION KIT,83.45,US71375758551 ,D,EA,1,Y
29,AAOT00EM0040000,EM US WIDE ANGLE LENS KIT,29.5,US74825230291 ,D,EA,1,Y
30,AAOT00KP0010000,KP HOLDER F/LVL SENSING DEVICE,18.25,4031750000000,X,EA,1,N
31,AAOT00SE0010000,SE BETTA STRIKE,1.73,8887680000000,D,EA,1,N
32,AAOT00TZ0010000,TZ SURFACE SKIMMER,6.7,4719860000000,A,EA,1,N
33,AAOT00TZ0040000,TZ PLANTS CULTIVATION L 4PCS,7.46,4719860000000,D,EA,1,N
34,AAOT00TZ0050000,TZ PLANTS CULTIVATION M 8PCS,8.7,4719860000000,D,EA,1,N
35,ABFW00BR0040000,BR AQUARIUM DESIGNS INSPIRED BY NATURE,16.52,9780760000000,D,EA,1,N
36,ABFW00BR0130000,"BR AQUARIUM PLANTS, ENCYC",8.87,9780760000000,D,EA,1,N
37,ABFW00BR0360000,"BR GUPPIES,MOLLIES,PLATYS",5.42,9780810000000,D,EA,1,N
38,ABFW00BR0400000,BR LAKE MALAWI CICHLIDS,5.42,9780760000000,D,EA,1,N
39,ABFW00BR0560000,BR WATER GARDENS,9.67,9780810000000,X,EA,1,N
40,ABFW00DY0010000,DY MILLENIUM DRAGON,40.12,8888820000000,X,EA,1,N
41,ABFW00DY0020000,DY THE ASIAN AROWANA,40.12,8888820000000,X,EA,1,N
42,ABFW00FB0020000,FB CREATURES of the DEEP,23.53,9781550000000,X,EA,1,N
43,ABFW00FB0030000,FB ENCYCLOPEDIA of FW AQUARIUM,29.38,9781550000000,X,EA,1,N
44,ABFW00FB0040000,"FB ENCYCLOPEDIA of SHARKS, The",14.68,9781550000000,X,EA,1,N
45,ABFW00FB0050000,FB FOCUS on FW AQUARIUM FISH,20.59,9781550000000,X,EA,1,N
46,ABFW00FB0060000,FB GUIDE to the OCEANS,11.74,9781550000000,X,EA,1,N
47,ABFW00FB0070000,"FB MANUAL of FISH HEALTH, The",14.68,9781550000000,X,EA,1,N
48,ABFW00FB0100000,"FB WATER GARDEN ENCYCLOPEDIA, The",17.62,9781550000000,X,EA,1,N
49,ABFW00FB0110000,FB WORLD ATLAS of the OCEANS,29.41,9781550000000,X,EA,1,N
50,ABFW00HG0010000,"HG CATFISH ATLAS, HARDCOVER",44.47,9783880000000,D,EA,1,N
51,ABFW00TF0030000,TF AQUARIUM ATLAS VOL 1 HRDCVR,29.37,9783880000000,X,EA,1,N
52,ABFW00TF0060000,TF AQUARIUM ATLAS VOL 2 SFTCOV,23.82,9781890000000,X,EA,1,N
53,ABFW00TF0070000,TF AQUARIUM ATLAS VOL 3 HRDCOV,31.22,9783880000000,X,EA,1,N
54,ABFW00TF0670000,TF SIMPLE GD -BREEDING FW FISH,6.5,9780790000000,D,EA,1,N
55,ABFW00TL0010000,TL ALGAE PROBLEM SOLVER GUIDE,14.98,9781880000000,X,EA,1,N
56,ABFW00WB0010000,WB A-Z TROPICAL FISH DISEASES & HEALTH P,13.98,9781580000000,D,EA,1,N
57,ABFW00WB0020000,WB F/W AQUARIUM MODELS:RECIPES,11.45,9780470000000,D,EA,1,N
58,ABFW00WB0030000,WB F/W AQUARIUMS F/DUMMIES,12.32,9780470000000,D,EA,1,N
59,ABFW00WB0040000,WB HAPPY HEALTHY PET:BETTA,8,9780470000000,D,EA,1,N
60,ABFW00WB0050000,WB HAPPY HEALTHY PET:F/W AQUARIUM,8,9780760000000,D,EA,1,N
61,ABFW00WB0060000,WB HOW TO KEEP KOI,8.38,9780760000000,D,EA,1,N
62,ABFW00WB0070000,WB KOI FOR DUMMIES,9.21,9780470000000,D,EA,1,N
63,ABFW00WB0080000,WB THE CICHLID,7.44,9781580000000,D,EA,1,N
64,ABFW00WB0090000,WB THE DISCUS,7.44,9781580000000,D,EA,1,N
65,ABFW00WB0100000,WB THE GOLDFISH,7.43,9780880000000,D,EA,1,N
66,ABFW00WB0110000,WB THE ULTIMATE KOI,19.58,9781580000000,D,EA,1,N
67,ABSW00BR0040000,BR MARINE REEF HANDBOOK,8.38,9780760000000,D,EA,1,N
68,ABSW00FB0010000,FB ENCYCLOPEDIA of SW AQUARIUM,29.38,9781550000000,X,EA,1,N
69,ABSW00FB0020000,FB REEF LIFE,14.68,9781550000000,X,EA,1,N
70,ABSW00FB0030000,FB RIDING WITH THE DOLPHINS,5.85,9780920000000,X,EA,1,N
71,ABSW00FB0040000,FB SHARK,14.68,9781550000000,X,EA,1,N
72,ABSW00FB0050000,FB SHARKS,14.68,9781550000000,X,EA,1,N
73,ABSW00KP0010000,"KP SUCCESSFUL REEF AQUAR, THE",34.87,9783920000000,X,EA,1,N
74,ABSW00TF0110000,TF MARINE ATLAS VOL 2 HRDCOV,42.35,9783880000000,X,EA,1,N
75,ABSW00TF0130000,TF MARINE ATLAS VOL 3 HRDCOV,34.41,9783880000000,X,EA,1,N
76,ABSW00TL0010000,TL CORALS REFERENCE GUIDE,30.91,9781880000000,X,EA,1,N
77,ABSW00TL0020000,TL GIANT CLAMS,46.56,9783920000000,X,EA,1,N
78,ABSW00TL0030000,TL INVERTEBRATES REFERENCE,21.89,9781880000000,X,EA,1,N
79,ABSW00TL0040000,"TL REEF AQUARIUM,THE VOL I",72.85,9781880000000,X,EA,1,N
80,ABSW00TL0050000,"TL REEF AQUARIUM,THE VOL II",72.85,9781880000000,X,EA,1,N
81,ABSW00WB0010000,WB BRING ME HOME! S/W AQUARIUMS,8.85,9780760000000,D,EA,1,N
82,ABSW00WB0020000,WB HAPPY HEALTHY PET:S/W AQUARIUM,8,9780470000000,D,EA,1,N
83,ABSW00WB0030000,WB S/W AQUARIUM MODELS:RECIPES,11.45,9780470000000,D,EA,1,N
84,ABSW00WB0050000,WB THE CORAL REEF AQUARIUM,7.44,9781580000000,D,EA,1,N
85,ACCBKDJC0010000,JC 12G NANO CUBE CABINET STAND,101.23,6924780000000,D,EA,1,N
86,ACCBKDJC0030000,JC 28G NANO CUBE CABINET STAND,181.95,6940010000000,X,EA,1,N
87,ACCBKDJC0040000,JC 8G NANO 180 CABINET STAND,66.95,6924780000000,X,EA,1,N
88,ACCBKDUT0070000,UT BOYU HALF MOON 23 CABINET,46.5,6924780000000,X,EA,1,N
89,ACCBKDUT0080000,UT BULLNOSE 73 AQUARIUM CABINET,96.88,6924780000000,X,EA,1,N
90,ACCBWCQL0010000,QL HORIZON 120 STAND 48x20x33 BLK 001,329.25,5607330000000,D,EA,1,N
91,ACCBWCQL0020000,QL HORIZON 120 STAND 48x20x33 WHT 025,329.25,5607330000000,D,EA,1,N
92,ACCBWCQL0030000,QL HORIZON 120 CABINET CHESTNUT 050,299.26,5607330000000,D,EA,1,N
93,ACCBWCQL0040000,QL HORIZON 120 STAND 48x20x33 MAPLE 051,329.25,5607330000000,D,EA,1,N
94,ACCBWCQL0050000,QL HORIZON 120 STAND 48x20x33 ASH GREY 069,329.25,5607330000000,D,EA,1,N
95,ACCBWCQL0060000,QL HORIZON 150 CABINET CHESTNUT 050,452.33,5607330000000,D,EA,1,N
96,ACCBWCQL0070000,QL HORIZON 150 STAND 60x22x24 MAPLE 051,452.33,5607330000000,D,EA,1,N
97,ACCBWCQL0080000,QL HORIZON 150 STAND 60x22x24 ASH GREY 069,452.33,5607330000000,D,EA,1,N
98,ACCBWCQL0090000,QL HORIZON 200 CABINET CHESTNUT 050,610.23,5607330000000,D,EA,1,N
99,ACCBWCQL0100000,QL HORIZON 200 STAND 79x27x33 MAPLE 051,671.35,5607330000000,D,EA,1,N
100,ACCBWCQL0110000,QL HORIZON 200 STAND 79x27x33 ASH GREY 069,671.35,5607330000000,D,EA,1,N
101,ACCBWCQL0120000,QL HORIZON 120 STAND 48x20x33 WHITE OAK 088,329.25,5607330000000,D,EA,1,N
102,ACCBWCQL0130000,QL 100G CORNER STAND CHESTNUT,291.12,5607330000000,D,EA,1,N
103,ACCBWCQL0140000,QL 100G CORNER STAND GREY 69,291.12,5607330000000,D,EA,1,N
104,ACCBWCQL0150000,QL ELEGANCE 120 STAND 48x16x33 BLK 001,176.93,5607330000000,A,EA,1,N
105,ACCBWCQL0160000,QL ELEGANCE 120 STAND 48x16x33 WHT 025,176.93,5607330000000,A,EA,1,N
106,ACCBWCQL0170000,QL STYLE 120 STAND 48x16x28 BLK 001,166.77,5607330000000,D,EA,1,N
107,ACCBWCQL0180000,QL STYLE 120 STAND 48x16x28 WHT 025,166.77,5607330000000,D,EA,1,N
108,ACCBWCQL0190000,QL HORIZON 150 STAND 60x22x24 BLK 001,452.33,5607330000000,D,EA,1,N
109,ACCBWCQL0200000,QL HORIZON 200 STAND 79x27x33 BLK 001,671.35,5607330000000,D,EA,1,N
110,ACCBWCQL0210000,QL STYLE 80 STAND BLK 32x14x28,103.06,5607330000000,D,EA,1,N
111,ACCBWCQL0220000,QL STYLE 80 STAND WHT 32x14x28,103.06,5607330000000,D,EA,1,N
112,ACCBWCQL0230000,QL STYLE 100 STAND BLK 40x16x28,148.65,5607330000000,D,EA,1,N
113,ACCBWCQL0240000,QL STYLE 100 STAND WHT 40x16x28,148.65,5607330000000,D,EA,1,N
114,ACCBWCQL0250000,QL STYLE 150 STAND BLK 60x18x32,243.21,5607330000000,D,EA,1,N
115,ACCBWCQL0260000,QL STYLE 150 STAND WHT 60x18x32,243.21,5607330000000,D,EA,1,N
116,ACCBWCQL0270000,QL ELEGANCE 60 STAND BLK 24x16x33,103.7,5607330000000,A,EA,1,N
117,ACCBWCQL0280000,QL ELEGANCE 60 STAND WHT 24x16x33,103.7,5607330000000,A,EA,1,N
118,ACCBWCQL0290000,QL ELEGANCE 60 STAND CONCRETE59 24x16x33,103.7,5607330000000,D,EA,1,N
119,ACCBWCQL0300000,QL ELEGANCE 60 STAND ASH GREY69 24x16x33,103.7,5607330000000,A,EA,1,N
120,ACCBWCQL0310000,QL ELEGANCE 60 STAND WHT OAK88 24x16x33,103.7,5607330000000,D,EA,1,N
121,ACCBWCQL0320000,QL ELEGANCE 80 STAND BLK 32x16x33,145.13,5607330000000,A,EA,1,N
122,ACCBWCQL0330000,QL ELEGANCE 80 STAND WHT 32x16x33,145.13,5607330000000,A,EA,1,N
123,ACCBWCQL0340000,QL ELEGANCE 80 STAND CONCRETE59 32x16x33,145.13,5607330000000,D,EA,1,N
124,ACCBWCQL0350000,QL ELEGANCE 80 STAND ASH GREY69 32x16x33,145.13,5607330000000,A,EA,1,N
125,ACCBWCQL0360000,QL ELEGANCE 80 STAND WHT OAK88 32x16x33,145.13,5607330000000,D,EA,1,N
126,ACCBWCQL0370000,QL ELEGANCE 100 STAND BLK 40x16x33,171.28,5607330000000,A,EA,1,N
127,ACCBWCQL0380000,QL ELEGANCE 100 STAND WHT 40x16x33,171.28,5607330000000,A,EA,1,N
128,ACCBWCQL0390000,QL ELEGANCE 100 STAND CONCRETE59 40x16x3,171.28,5607330000000,D,EA,1,N
129,ACCBWCQL0400000,QL ELEGANCE 100 STAND ASH GREY69 40x16x3,171.28,5607330000000,A,EA,1,N
130,ACCBWCQL0410000,QL ELEGANCE 100 STAND WHT OAK88 40x16x33,171.28,5607330000000,D,EA,1,N
131,ACCBWCQL0450000,QL ELEGANCE STAND 48X18X33 WHT,240.44,5607330000000,A,EA,1,N
132,ACDT00CV0010000,CV IWISH APPLE AQUARIUM BLUE,94.6,6924710000000,D,EA,1,N
133,ACDT00SE0010000,SE REFLEX 13 AQUARIUM KIT BK 3.4GAL,56.78,9325140000000,X,EA,1,N
134,ACDT00SE0020000,SE REFLEX 13 AQUARIUM KIT WH 3.4GAL,56.78,9325140000000,X,EA,1,N
135,ACDT00SE0030000,SE REFLEX 15 AQUARIUM KIT BK 4GAL,77.53,9325140000000,X,EA,1,N
136,ACDT00SE0040000,SE REFLEX 15 AQUARIUM KIT WH 4GAL,77.53,9325140000000,X,EA,1,N
137,ACDT00SE0050000,SE BETTAARC W/LED BLACK,7.22,9325140000000,X,EA,1,N
138,ACDT00SE0060000,SE REFLEX 26 AQUARIUM KIT BK 7GAL,78.62,9325140000000,X,EA,1,N
139,ACDT00SE0070000,SE BETTAARC W/LED SILVER,7.22,9325140000000,X,EA,1,N
140,ACDT00SE0080000,SE BETTABLOC STACKABLE 1L BLACK,4.9,9325140000000,X,EA,1,N
141,ACDT00SE0090000,SE BETTABLOC STACKABLE 1L SILVER,5.28,9325140000000,X,EA,1,N
142,ACDT00SE0100000,SE BETTA FLORA W/LED,27.08,8887680000000,D,EA,1,Y
143,ACDT00SE0110000,SE BETTA SPACE W/LED,27.08,8887680000000,D,EA,1,Y
144,ACDT00SE0120000,SE BETTA BATTLE PARADISE-GREEN,10.94,8887680000000,D,EA,1,N
145,ACDT00SE0130000,SE BETTA BATTLE PARADISE- BLUE,10.94,8887680000000,D,EA,1,N
146,ACDT00SE0140000,SE BETTA BATTLE PARADISE- PINK,10.94,8887680000000,D,EA,1,N
147,ACDT00SE0150000,SE BETTA PARADISE - GREEN,5.06,8887680000000,D,EA,1,N
148,ACDT00SE0160000,SE BETTA PARADISE - BLUE,5.06,8887680000000,D,EA,1,N
149,ACDT00SE0170000,SE BETTA PARADISE - PINK,5.06,8887680000000,D,EA,1,N
150,ACDT00SE0180000,SE BETTA DUO,92.1,9325140000000,A,EA,1,N
151,ACDT00SE0190000,SE BETTA TRIO,116.68,9325140000000,A,EA,1,N
152,ACDT00UT0010000,UT BOYU HALF MOON 8,68.27,6924780000000,X,EA,1,N
153,ACDT00UT0020000,UT BOYU HALF MOON 23,108.68,6924780000000,X,EA,1,N
154,ACGA00JC0010000,JC 12G NANO CUBE WITH LED(2),202.96,6924780000000,X,EA,1,N
155,ACGA00JC0030000,JC 28G NANO CUBE W/HQI,545,6940010000000,X,EA,1,N
156,ACGA00JC0040000,JC 28G NANO CUBE W/PC-QUAD,290.82,6940010000000,X,EA,1,N
157,ACGA00JC0050000,JC 28G NANO CUBE W/LED,1030.03,6940010000000,X,EA,1,N
158,ACGA00QL0010000,QL HORIZON 120 TANK 48x20x24 BLK 001,979.63,5607330000000,D,EA,1,N
159,ACGA00QL0020000,QL HORIZON 120 TANK 48x20x24 WHT 025,979.63,5607330000000,D,EA,1,N
160,ACGA00QL0030000,QL HORIZON 120 TANK CHESTNUT 050,875.66,5607330000000,D,EA,1,N
161,ACGA00QL0040000,QL HORIZON 120 TANK 48x20x24 MAPLE 051,979.63,5607330000000,D,EA,1,N
162,ACGA00QL0050000,QL HORIZON 120 TANK 48x20x24 ASH GREY 069,979.63,5607330000000,D,EA,1,N
163,ACGA00QL0060000,QL HORIZON 150 TANK 60x22x33 BLK 001,1351.91,5607330000000,D,EA,1,N
164,ACGA00QL0070000,QL HORIZON 150 TANK CHESTNUT 050,1351.91,5607330000000,D,EA,1,N
165,ACGA00QL0080000,QL HORIZON 150 TANK 60x22x33 MAPLE 051,1351.91,5607330000000,D,EA,1,N
166,ACGA00QL0090000,QL HORIZON 150 TANK 60x22x33 ASH GREY 069,1351.91,5607330000000,D,EA,1,N
167,ACGA00QL0100000,QL HORIZON 200 TANK 79x27x24 BLK 001,1802.68,5607330000000,D,EA,1,N
168,ACGA00QL0110000,QL HORIZON 200 TANK CHESTNUT 050,1611.32,5607330000000,D,EA,1,N
169,ACGA00QL0120000,QL HORIZON 200 TANK 79x27x24 MAPLE 051,1802.68,5607330000000,D,EA,1,N
170,ACGA00QL0130000,QL HORIZON 200 TANK 79x27x24 ASH GREY 069,1802.68,5607330000000,D,EA,1,N
171,ACGA00QL0140000,QL HORIZON 120 TANK 48x20x24 WHITE OAK 088,979.63,5607330000000,D,EA,1,N
172,ACGA00QL0150000,QL 100G CORNER TANK CHESTNUT,820.87,5607330000000,D,EA,1,N
173,ACGA00QL0160000,QL 100G CORNER TANK GREY 69,820.87,5607330000000,D,EA,1,N
174,ACGA00QL0170000,QL ELEGANCE 120 TANK 48x16x24 BLK 001,472.29,5607330000000,A,EA,1,N
175,ACGA00QL0180000,QL ELEGANCE 120 TANK 48x16x24 WHT 025,472.29,5607330000000,A,EA,1,N
176,ACGA00QL0190000,QL STYLE 120 TANK 48x16x18 BLK 001,407.64,5607330000000,D,EA,1,N
177,ACGA00QL0200000,QL STYLE 120 TANK 48x16x18 WHT 025,407.64,5607330000000,D,EA,1,N
178,ACGA00QL0210000,QL STYLE 80 TANK BLK 32x14x16 25GAL,253.58,5607330000000,D,EA,1,N
179,ACGA00QL0220000,QL STYLE 80 TANK WHT 32x14x16 25GAL,253.58,5607330000000,D,EA,1,N
180,ACGA00QL0230000,QL STYLE 100 TANK BLK 40x16x16 35GAL,308.25,5607330000000,D,EA,1,N
181,ACGA00QL0240000,QL STYLE 100 TANK WHT 40x16x16 35GAL,308.25,5607330000000,D,EA,1,N
182,ACGA00QL0250000,QL STYLE 150 TANK BLK 60x18x22 80GAL,628,5607330000000,D,EA,1,N
183,ACGA00QL0260000,QL STYLE 150 TANK WHT 60x18x22 80GAL,628,5607330000000,D,EA,1,N
184,ACGA00QL0270000,QL ELEGANCE 60 TANK BLK 24x16x22 30GAL,291.65,5607330000000,A,EA,1,N
185,ACGA00QL0280000,QL ELEGANCE 60 TANK WHT 24x16x22 30GAL,291.65,5607330000000,A,EA,1,N
186,ACGA00QL0290000,QL ELEGANCE 60 TANK GREY65 24x16x22 30GA,291.65,5607330000000,A,EA,1,N
187,ACGA00QL0300000,QL ELEGANCE 80 TANK BLK 32x16x22 40GAL,329.01,5607330000000,A,EA,1,N
188,ACGA00QL0310000,QL ELEGANCE 80 TANK WHT 32x16x22 40GAL,329.01,5607330000000,A,EA,1,N
189,ACGA00QL0320000,QL ELEGANCE 80 TANK GREY65 32x16x22 40GA,329.01,5607330000000,A,EA,1,N
190,ACGA00QL0330000,QL ELEGANCE 100 TANK BLK 40x16x24 55GAL,431.53,5607330000000,A,EA,1,N
191,ACGA00QL0340000,QL ELEGANCE 100 TANK WHT 40x16x24 55GAL,431.53,5607330000000,A,EA,1,N
192,ACGA00QL0350000,QL ELEGANCE 100 TANK GREY65 40x16x24 55G,431.53,5607330000000,A,EA,1,N
193,ACGA00QL0380000,QL ELEGANCE 120 TANK 48X16X24 GREY,472.29,5607330000000,A,EA,1,N
194,ACGA00QL0390000,QL ELEGANCE 120 STAND 48X16X33 ASHGREY,176.93,5607330000000,A,EA,1,N
195,ACGA00UT0150000,UT BOYU 24G NANO CUBE W/STAND,184.7,6924780000000,X,EA,1,N
196,ACGC00QL0010000,QL AQUATABLE 100X63 GREY 59,1141.04,5607330000000,D,EA,1,N
197,ACGC00QL0020000,QL AQUATABLE 100X63 BLK 001,1104.11,5607330000000,D,EA,1,N
198,ACGC00QL0030000,QL AQUATABLE 100X63 CHESTNUT 050,1006.09,5607330000000,D,EA,1,N
199,ACGC00QL0040000,QL AQUATABLE 100X100 BLK 001,1404.38,5607330000000,D,EA,1,N
200,ACGC00QL0050000,QL AQUATABLE 100X100 CHESTNUT 050,1279.68,5607330000000,D,EA,1,N
201,ACGC00QL0060000,QL AQUATABLE 100X100 GREY 059,1409.57,5607330000000,D,EA,1,N
202,ACGC00QL0070000,QL AQUATABLE 130X75 BLK 001,1579.55,5607330000000,D,EA,1,N
203,ACGC00QL0080000,QL AQUATABLE 130X75 CHESTNUT 050,1439.29,5607330000000,D,EA,1,N
204,ACGC00QL0090000,QL AQUATABLE 130X75 GREY 059,1632.5,5607330000000,D,EA,1,N
205,ACGC00QL0100000,QL AQUAVIEW 50 BLK KIT,557.84,5607330000000,D,EA,1,N
206,ACGC00QL0110000,QL AQUAVIEW 50 WHT KIT,557.84,5607330000000,D,EA,1,N
207,ACGC00QL0120000,QL AQUAVIEW 65 BLK KIT,679.13,5607330000000,D,EA,1,N
208,ACGC00QL0130000,QL AQUAVIEW 65 WHT KIT,679.13,5607330000000,D,EA,1,N
209,ACGC00QL0140000,QL AQUAVIEW 92 BLK KIT,1008.04,5607330000000,D,EA,1,N
210,ACGC00QL0150000,QL AQUAVIEW 92 WHT KIT,1008.04,5607330000000,D,EA,1,N
211,ACGC00QL0160000,QL AQUAVIEW 120 BLK KIT,1268.95,5607330000000,D,EA,1,N
212,ACGC00QL0170000,QL AQUAVIEW 120 WHT KIT,1268.95,5607330000000,D,EA,1,N
213,ACGC00QL0180000,QL AQUAVIEW 150 BLK KIT,1842.65,5607330000000,D,EA,1,N
214,ACGC00QL0190000,QL AQUAVIEW 150 WHT KIT,1842.65,5607330000000,A,EA,1,N
215,ACKTPAUT0010000,UT REGENCY 90 GAL KIT- BLACK,762.61,9325140000000,X,EA,1,N
216,ADCO00LC1890000,LC P&P OVERFLO COVER LEFT PL LG,367.77,056-1015OCLPL ,X,EA,1,N
217,ADCO00LC1900000,LC P&P OVERFLO COVER LEFT YL LG,367.77,056-1015OCLYL ,X,EA,1,N
218,ADCO00LC1920000,LC P&P OVERFLO COVER RIGHT PL LG,367.77,056-1016OCRPL ,X,EA,1,N
219,ADCO00LC1930000,LC P&P OVERFLO COVER RIGHT YL LG,367.77,056-1016OCRYL ,X,EA,1,N
220,ADGEPLSE0010000,SE CRYSTAL GEMS SUNSET,3.33,9325140000000,A,EA,1,N
221,ADGEPLSE0020000,SE CRYSTAL GEMS BLUE ICE,3.33,9325140000000,A,EA,1,N
222,ADGEPLSE0030000,SE CRYSTAL GEMS PURPLE PASSION,3.33,9325140000000,A,EA,1,N
223,ADGEPLSE0040000,SE CRYSTAL GEMS LUCKY CHARM,3.33,9325140000000,A,EA,1,N
224,ADGEPLSE0050000,SE CRYSTAL GEMS FROSTY BLUE,3.33,9325140000000,A,EA,1,N
225,ADGEPLSE0060000,SE CRYSTAL GEMS FIRE N ICE,3.33,9325140000000,A,EA,1,N
226,ADGR00SE0010000,SE BETTA GRAVEL CARNIVAL 500G,0.93,9325140000000,A,EA,1,N
227,ADGR00SE0020000,SE BETTA GRAVEL FORREST 500G,0.93,9325140000000,A,EA,1,N
228,ADGR00SE0030000,SE BETTA GRAVEL SPINAFEX 500G,0.93,9325140000000,A,EA,1,N
229,ADGR00SE0040000,SE BETTA GRAVEL RED HOT 500G,0.93,9325140000000,A,EA,1,N
230,ADGR00SE0050000,SE BETTA GRAVEL BLACK ICE 500G,0.93,9325140000000,A,EA,1,N
231,ADORARGP0010000,GP ACTION ALLIGATOR BODY BROWN,3.85,4897020000000,X,EA,1,N
232,ADORARGP0040000,GP ACTION ALLIGATOR HEAD GREEN,3.82,4897020000000,X,EA,1,N
233,ADORARGP0050000,GP ACTION ALLIGATOR HEAD LARGE,6.57,4897020000000,X,EA,1,N
234,ADORARGP0110000,"GP ACTION ANTIQUE TELEPHONE BLACK 5""L",5.57,4897020000000,X,PK,3,N
235,ADORARGP0130000,GP ACTION BABY ALLIGATOR YELLOW,4,4897020000000,X,PK,3,N
236,ADORARGP0160000,"GP ACTION BLUE TANG BLUE 6""L",6.19,4897020000000,X,EA,1,N
237,ADORARGP0170000,"GP ACTION CANNON 5.38""L",4.12,4897020000000,X,EA,1,N
238,ADORARGP0190000,GP ACTION CLASSIC CAR DK RED,4.97,4897020000000,X,EA,1,N
239,ADORARGP0210000,"GP ACTION CLOWN FISH B/W 5.5""L",6.19,4897020000000,X,EA,1,N
240,ADORARGP0230000,GP ACTION COW MILK,4.47,4897020000000,X,EA,1,N
241,ADORARGP0300000,GP ACTION EEL BODY,4.11,4897020000000,X,PK,3,N
242,ADORARGP0310000,"GP ACTION EEL BODY DK GREEN 9""L",3.81,4897020000000,X,EA,1,N
243,ADORARGP0320000,GP ACTION EEL W / CORALS,15.01,4897020000000,X,EA,1,N
244,ADORARGP0350000,"GP ACTION FROG 3.13""L",2.54,4897020000000,X,EA,1,N
245,ADORARGP0370000,"GP ACTION GALAPAGOS 6.38""L",6.19,4897020000000,X,EA,1,N
246,ADORARGP0440000,"GP ACTION INDIAN STAR ORANGE 5.5""L",6.19,4897020000000,X,EA,1,N
247,ADORARGP0510000,GP ACTION LARGE DINOSAUR,7.33,4897020000000,X,EA,1,N
248,ADORARGP0530000,"GP ACTION MATAMATA 6.75""L",6.19,4897020000000,X,EA,1,N
249,ADORARGP0550000,"GP ACTION MR. HIPPO 4.75""L",6.19,4897020000000,D,EA,1,N
250,ADORARGP0560000,"GP ACTION MR. LION 5""L",6.19,4897020000000,D,EA,1,N
251,ADORARGP0570000,"GP ACTION MR. ZEBRA 5.75""L",6.19,4897020000000,D,EA,1,N
252,ADORARGP0580000,"GP ACTION MS. GIRAFFE 5.63""L",6.19,4897020000000,D,EA,1,N
253,ADORARGP0650000,"GP ACTION SEA HORSE 4.5""H",6.19,4897020000000,X,EA,1,N
254,ADORARGP0660000,"GP ACTION SEA TURTLE 5.25""L",6.19,4897020000000,X,EA,1,N
255,ADORARGP0670000,"GP ACTION SEAHORSE 5.25""L",4.12,4897020000000,X,ea,1,N
256,ADORARGP0680000,GP ACTION SHARK BODY,3.85,4897020000000,X,PK,3,N
257,ADORARGP0690000,GP ACTION SHARK HEAD,3.82,4897020000000,X,EA,1,N
258,ADORARGP0730000,GP ACTION SKELETON,5.65,4897020000000,X,EA,1,N
259,ADORARGP0740000,GP ACTION SKULL HEAD,5.12,4897020000000,X,EA,1,N
260,ADORARGP0750000,GP ACTION SKULL W / SWORD,4.65,4897020000000,X,EA,1,N
261,ADORARGP0760000,GP ACTION SKULL WAVING HANDS,4.29,4897020000000,X,EA,1,N
262,ADORARGP0770000,GP ACTION SMALL DINOSAUR,5.54,4897020000000,X,EA,1,N
263,ADORARGP0810000,GP ACTION TALKING EEL,6.19,4897020000000,X,EA,1,N
264,ADORARGP0820000,GP ACTION TALKING SHARK,6.19,4897020000000,X,EA,1,N
265,ADORARGP0830000,"GP ACTION TORTOISE DK GREEN 6.25""L",6.19,4897020000000,X,EA,1,N
266,ADORARGP0850000,"GP ACTION TWIN KOI FISH 7""H",5.76,4897020000000,X,EA,1,N
267,ADORARGP0890000,"GP ACTION TWIN TURTLE GREEN 5.75""L",5.31,4897020000000,X,EA,1,N
268,ADORARGP0960000,GP CLOWN FISH ORNAMENT,5.02,4897020000000,X,EA,1,N
269,ADORARGP1040000,GP SNAKE HUNTING RED FROG,10.93,4897020000000,X,EA,1,N
270,ADORPLGP0010000,"GP JELLYFISH (LRG/SML) BLUE 3.5""L",3.04,4897020000000,X,EA,1,N
271,ADORPLGP0030000,"GP JELLYFISH (LRG/SML) GREEN 3.5""L",3.01,4897020000000,X,EA,1,N
272,ADORPLGP0040000,"GP JELLYFISH (LRG/SML) PURPLE 3.5""L",3.01,4897020000000,X,EA,1,N
273,ADORPLGP0050000,"GP JELLYFISH (LRG/SML) RED 3.5""L",3.01,4897020000000,X,EA,1,N
274,ADORPLGP0060000,"GP JELLYFISH (LRG/SML) YELLOW 3.5""L",3.01,4897020000000,X,EA,1,N
275,ADORPLGP0090000,"GP JELLYFISH GREEN 2.25""D/1.38""D",3.43,4897020000000,X,EA,1,N
276,ADORPLGP0100000,"GP JELLYFISH PURPLE 2.25""D/1.38""D",3.43,4897020000000,X,EA,1,N
277,ADORPLGP0110000,"GP JELLYFISH RED 2.25""D/1.38""D",3.43,4897020000000,X,EA,1,N
278,ADORPLOS0090000,OS FISH ON STAGE,7.47,4168920000000,X,EA,1,N
279,ADPL00UT3590000,UT BUBBLING SUBMARINE,4.3,6938100000000,D,EA,1,N
280,ADPL00UT3600000,UT BUBBLING CORAL,4.3,6938100000000,X,EA,1,N
281,ADPL00UT3610000,UT BUBBLING VOLCANO,4.3,6938100000000,X,EA,1,N
282,ADPL00UT3620000,UT BUBBLE DECO LED VOLCANO,19.21,6938100000000,X,EA,1,Y
283,ADPL00UT3630000,UT BUBBLE DECO LED CORAL,22.99,6938100000000,X,EA,1,Y
284,ADPL00UT3640000,UT MONSTER-SLIMY,4.79,6938100000000,X,EA,1,N
285,ADPL00UT3650000,UT MONSTER-BIG FOOT,4.79,6938100000000,X,EA,1,N
286,ADPL00UT3660000,UT MONSTER-CHOMPER,4.79,6938100000000,X,EA,1,N
287,ADPR00TR0010000,TR AQUARIUM SOIL 3 L,14.73,5703250000000,A,EA,1,Y
288,ADPR00TR0020000,TR AQUARIUM SOIL 9 L,30.64,5703250000000,A,EA,1,Y
289,ADPR00TR0030000,TR AQUARIUM SOIL POWDER 3 L,17.09,5703250000000,A,EA,1,Y
290,ADPR00TR0040000,TR AQUARIUM SOIL POWDER 9 L,34.77,5703250000000,A,EA,1,Y
291,AEAPBTSE0010000,SE SUPER PRECISION DC BATTERY PUMP,6.5,8887680000000,D,EA,1,N
292,AEAPBTUT0010000,UT BATTERY OPERATED AIR PUMP,4.71,6924780000000,X,EA,1,N
293,AEAPELSE0010000,SE LED VOLCANO ORNAMENT W/ADAPTOR,18.38,9325140000000,D,EA,1,Y
294,AEAPELSE0020000,SE LED TEMPLE ORNAMENT,13.86,9325140000000,D,EA,1,Y
295,AEAPELSE0030000,SE LED LIGHTHOUSE ORNAMENT,13.07,9325140000000,D,EA,1,Y
296,AEAPELSE0040000,SE LED VIKING SKULL ORNAMENT,10.74,9325140000000,D,EA,1,Y
297,AEAPELSE0050000,SE LED STATUE OF LIBERTY ORNAMENT,10.53,9325140000000,D,EA,1,Y
298,AECF00JC0010000,JC C-BREEZE AIR BLOWER,34.63,6940010000000,X,EA,1,N
299,AECN00JC0010000,JC REACTION FILTER W/UV EFU25,135.31,6924780000000,X,EA,1,N
300,AECN00JC0020000,JC REACTION FILTER W/UV EFU35,183.87,6924780000000,X,EA,1,N
301,AECN00JC0030000,JC REACTION FILTER W/UV EFU45,211.41,6924780000000,D,EA,1,N
302,AECN00SQ0040000,SQ WHALE 120 CANISTER FILTER,85.4,8011470000000,A,EA,1,N
303,AECN00SQ0050000,SQ WHALE 200 CANISTER FILTER,102.76,8011470000000,A,EA,1,N
304,AECN00SQ0060000,SQ WHALE 350 CANISTER FILTER,138.88,8011470000000,A,EA,1,N
305,AEEL00TZ0010000,TZ PH CONTROLLER,124.28,4719860000000,A,EA,1,N
306,AEELCOJC0010000,JC OCEAN PULSE-DUO WAVEMAKER,53.68,6940010000000,X,EA,1,N
307,AEELCOJC0020000,JC OCEAN PULSE-QUADRA WAVEMAKER,83.9,6940010000000,X,EA,1,N
308,AEELCOJC0030000,JC OCEANSTREAM KIT,93.55,6924780000000,X,EA,1,N
309,AEELCORS0010000,RS WAVER MASTER WR-2CH,189.19,8057090000000,D,EA,1,N
310,AEELMOEM0020000,EM US REEFLINK,167.75,US71375758501 ,D,EA,1,N
311,AEELMOTZ0010000,TZ PH PEN,60.48,4719860000000,D,EA,1,N
312,AEHESUJC0010000,JC TRUE TEMP 300W TITANIUM,188.75,6940010000000,X,EA,1,N
313,AEHESUJC0020000,JC TRUE TEMP 500W TITANIUM,233.2,6940010000000,X,EA,1,N
314,AEHESUJC0030000,JC TRUE TEMP 800W TITANIUM,260.36,6940010000000,D,EA,1,N
315,AEHESUJC0040000,JC TRUE TEMP 1000W TITANIUM HEATER KIT,282.42,6940010000000,D,EA,1,N
316,AEHO00UT0010000,UT BIO FILTER JUNIOR,5.19,6924780000000,X,PK,6,N
317,AEIN00EH0010000,EH AQUABALL 160,36.36,4011710000000,X,EA,1,N
318,AEIN00EH0020000,EH AQUABALL 200,44.27,4011710000000,X,EA,1,N
319,AEIN00EH0030000,EH AQUABALL 45,21.82,4011710000000,X,EA,1,N
320,AEIN00EH0040000,EH AQUABALL 60,27.51,4011710000000,X,EA,1,N
321,AEIP00EM0060000,EM US VORTECH MP10 ES PROPELLER PUMP,190,US68907681960 ,D,EA,1,N
322,AEIP00EM0070000,EM US VORTECH MP10W ES PUMP,230.42,US68907681980 ,D,EA,1,N
323,AEIP00EM0080000,EM US VORTECH MP40W ES PUMP,375.95,US68907681970 ,D,EA,1,N
324,AEIP00EM0090000,EM US VORTECH MP60W ES PUMP,545.74,US73621115911 ,D,EA,1,N
325,AEIP00RS0010000,RS MOVER M900 900 GPH,45.27,8057090000000,D,EA,1,N
326,AEIP00RS0020000,RS MOVER M1200 1200 GPH,54.33,8057090000000,D,EA,1,N
327,AEIP00RS0030000,RS MOVER M1500 1500 GPH,63.4,8057090000000,D,EA,1,N
328,AEIP00RS0040000,RS MOVER M1900 1900 GPH,72.47,8057090000000,D,EA,1,N
329,AEIP00RS0050000,RS MOVER MX2600 2600 GPH,81.53,8057090000000,D,EA,1,N
330,AEIP00RS0060000,RS MOVER MX3000 3000 GPH,90.6,8057090000000,D,EA,1,N
331,AEIP00RS0070000,RS MOVER MX3500 3500 GPH,99.69,8057090000000,D,EA,1,N
332,AEIP00RS0080000,RS MOVER MX4100 4100GPH,108.76,8057090000000,D,EA,1,N
333,AEIPBBEM0020000,EM US VORTECH BATTERY BACKUP,133.4,US68907681950 ,D,EA,1,N
334,AEIX00RS0010000,RS RISER PUMP R850,90.6,8057090000000,D,EA,1,N
335,AEPH00EH0010000,EH AQUABALL POWERHEAD,23.83,4011710000000,X,EA,1,N
336,AEPH00NW0010000,NW MAXI POWERHEAD 400,19,8017000000000,D,EA,1,N
337,AEPH01NW0020000,NW MAXI POWERHEAD 600,21.54,8017000000000,D,EA,1,N
338,AEPH02NW0030000,NW MAXI POWERHEAD 900,25.39,8017000000000,D,EA,1,N
339,AEPH03NW0040000,NW MAXI POWERHEAD 1200,29.75,8017000000000,D,EA,1,N
340,AEPWEXJC0010000,JC AUTO TOP OFF W/SENSORS,117.46,8809170000000,X,EA,1,N
341,AESLLE000010000,JC NANO-GLO MAGNETIC LED LIGHT,72.09,6940010000000,D,EA,1,Y
342,AESLLEEM0040000,EM US RADION XR30W GEN 2 FXTR,524.72,US71375758481 ,D,EA,1,Y
343,AESLLEEM0050000,EM US RADION XR30W PRO,726.84,US71375758491 ,D,EA,1,Y
344,AESLLETZ0010000,TZ LED CLIP LIGHT -17 CM,18.28,4719860000000,D,EA,1,Y
345,AESLLETZ0020000,TZ WHALE LED CLIP LIGHT-BLUE&WHITE,19.66,4719860000000,X,EA,1,Y
346,AESLLETZ0030000,"TZ LED PLANT LIGHT 12""",65.01,4719860000000,D,EA,1,Y
347,AESLLETZ0040000,"TZ LED PLANT LIGHT 18""",73.89,4719860000000,D,EA,1,Y
348,AESLLETZ0050000,"TZ LED PLANT LIGHT 24""",85.7,4719860000000,D,EA,1,Y
349,AESLLETZ0060000,"TZ LED PLANT LIGHT 36""",147.76,4719860000000,D,EA,1,Y
350,AESLLETZ0070000,"TZ LED PLANT LIGHT 48""",192.09,4719860000000,D,EA,1,Y
351,AESLLETZ0080000,"TZ LED BLUE&WHT 7"" CLIP LIGHT",13.2,4719860000000,A,EA,1,Y
352,AESLLETZ0090000,TZ AQUA SLIM LED LIGHT 30 CM,45.26,4719860000000,A,EA,1,Y
353,AESLLETZ0100000,TZ AQUA SLIM LED LIGHT 45 CM,62.23,4719860000000,A,EA,1,Y
354,AESLLETZ0110000,TZ AQUA SLIM LED LIGHT 60 CM,67.89,4719860000000,A,EA,1,Y
355,AESLLETZ0120000,TZ AQUA SLIM LED LIGHT 90 CM,118.8,4719860000000,A,EA,1,Y
356,AESLLETZ0130000,TZ AQUA SLIM LED LIGHT 120 CM,141.43,4719860000000,A,EA,1,Y
357,AESLLUAM0010000,AM AQUA MOONLIGHT SINGLE UNIT,103.25,4014690000000,X,EA,1,Y
358,AESLPCJC0010000,JC MACRO-GLO REFUGIUM LITE 15W,44.75,6940010000000,D,EA,1,Y
359,AESLPCJC0020000,JC MACRO-GLO REFUGIUM LITE 25W,55.93,6940010000000,D,EA,1,Y
360,AETM00QL0010000,QL SMART LED CONTROLLER,133.62,5607330000000,A,EA,1,N
361,AEUV00JC0010000,JC SUBMARINER 5W UV STERILIZER,77.1,6940010000000,X,EA,1,N
362,AEUV00JC0020000,JC SUBMARINER 9W UV STERILIZER,92.52,6940010000000,X,EA,1,N
363,AEUV00JC0030000,JC SUBMARINER 13W UV STERILIZER,107.94,6940010000000,X,EA,1,N
364,AEUV00JC0040000,JC NANOZAPP 3W UV-C STERILIZER,37.39,6940010000000,X,EA,1,N
365,AEUV00TZ0010000,TZ UV STERILIZER SUB FILTER 13W,79.55,4719860000000,A,EA,1,N
366,AFFKGFTT0010000,TT GOLDFISH FLAKE 20G,1.58,5900470000000,A,EA,1,Y
367,AFFKGFTT0020000,TT GOLDFISH FLAKE 50G,2.73,5900470000000,D,EA,1,Y
368,AFFKGFTT0030000,TT GOLDFISH COLOR 20G,1.9,5900470000000,A,EA,1,Y
369,AFFKGFTT0040000,TT GOLDFISH COLOR 50G,3.38,5900470000000,A,EA,1,Y
370,AFFKGFTT0050000,TT GOLDFISH COLOR 100G,4.99,5900470000000,A,EA,1,Y
371,AFFKTRTT0010000,TT ICHTIO-VIT 20G,1.75,5900470000000,D,EA,1,Y
372,AFFKTRTT0020000,TT ICHTIO-VIT 50G,3.01,5900470000000,D,EA,1,Y
373,AFFKTRTT0030000,TT ICHTIO-VIT 100G,4.83,5900470000000,D,EA,1,Y
374,AFFKTRTT0040000,TT ICHTIO-VIT 200G,8.56,5900470000000,A,EA,1,Y
375,AFFKTRTT0050000,TT ICHTIO-VIT 2KG,47.37,5900470000000,D,EA,1,Y
376,AFFKTRTT0060000,TT BIO-VIT 20G,1.75,5900470000000,D,EA,1,Y
377,AFFKTRTT0070000,TT BIO-VIT 50G,3.01,5900470000000,D,EA,1,Y
378,AFFKTRTT0080000,TT BIO-VIT 100G,4.83,5900470000000,D,EA,1,Y
379,AFFKTRTT0090000,TT BIO-VIT 200G,8.6,5900470000000,A,EA,1,Y
380,AFFKTRTT0100000,TT SUPERVIT 20G,2.14,5900470000000,A,EA,1,Y
381,AFFKTRTT0110000,TT SUPERVIT 50G,3.87,5900470000000,A,EA,1,Y
382,AFFKTRTT0120000,TT SUPERVIT 100G,6.38,5900470000000,A,EA,1,Y
383,AFFKTRTT0130000,TT SUPERVIT 200G,11.42,5900470000000,A,EA,1,Y
384,AFFKTRTT0140000,TT SUPERVIT 1KG,40.48,5900470000000,D,EA,1,Y
385,AFFKTRTT0150000,TT SUPER SPIRULINA FORTE 36% 50G,7.03,5900470000000,A,EA,1,Y
386,AFFKTRTT0160000,TT SUPER SPIRULINA FORTE 36% TIN 200G,21.25,5900470000000,A,EA,1,Y
387,AFFKTRTT0170000,TT D-ALLIO PLUS 20G,3.82,5900470000000,D,EA,1,Y
388,AFFKTRTT0180000,TT SUPERVIT SACHET 2+1 PROMO,2.33,5900470000000,A,PK,8,Y
389,AFPL00HK0650000,HK KOI STAPLE 4.4LB MINI,28.19,4971620000000,A,EA,1,Y
390,AFPL00TT0010000,TT SUPERVIT GRANULAT 55G,3.17,5900470000000,A,EA,1,Y
391,AFPL00TT0020000,TT SUPERVIT GRANULAT 138G,6.33,5900470000000,A,EA,1,Y
392,AFPL00TT0030000,TT SUPERVIT GRANULAT 550G,14.79,5900470000000,A,EA,1,Y
393,AFPL00TT0040000,TT SUPER SPIRULINA MINI GRAN 56G,7.22,5900470000000,D,EA,1,Y
394,AFPL00TT0050000,TT SUPER SPIRULINA FORTE CHIPS 52G,5.96,5900470000000,D,EA,1,Y
395,AFPL00TT0060000,TT SUPER SPIRULINA FORTE CHIPS 130G,11.94,5900470000000,D,EA,1,Y
396,AFPL00TT0070000,TT MIKROVIT BASIC 32G,2.54,5900470000000,D,EA,1,Y
397,AFPL00TT0080000,TT RED MICO COLOUR STICKS 32G,3.73,5900470000000,A,EA,1,Y
398,AFPL00TT0090000,TT D-ALLIO PLUS GRANULAT 60G,4.28,5900470000000,D,EA,1,Y
399,AFPL00TT0100000,TT CICHLID RED&GREEN MD STICKS 90G,5.49,5900470000000,D,EA,1,Y
400,AFPL00TT0110000,TT CICHLID RED&GREEN LG STICKS 75G,4.78,5900470000000,D,EA,1,Y
401,AFPL00TT0120000,TT DISCUS GRAN D-50 PLUS 44G,3.47,5900470000000,A,EA,1,Y
402,AFPL00TT0130000,TT DISCUS GRAN D-50 PLUS 110G,6.94,5900470000000,D,EA,1,Y
403,AFPL00TT0140000,TT DISCUS GRAN D-50 PLUS 440G,16.24,5900470000000,A,EA,1,Y
404,AFPL00TT0150000,TT MALAWI CHIPS 130G,6.95,5900470000000,A,EA,1,Y
405,AFPL00TT0160000,TT MALAWI CHIPS 520G,16.3,5900470000000,A,EA,1,Y
406,AFPL00TT0170000,TT MALAWI CHIPS 2.6KG,67.74,5900470000000,D,EA,1,Y
407,AFPL00TT0180000,TT TANGANYIKA CHIPS 130G,7.3,5900470000000,D,EA,1,Y
408,AFPL00TT0190000,TT TANGANYIKA CHIPS 520G,17.15,5900470000000,D,EA,1,Y
409,AFPL00TT0200000,TT MINI WAFERS MIX 55G,4.74,5900470000000,A,EA,1,Y
410,AFPL00TT0210000,TT MINI WAFERS MIX 138G,8.79,5900470000000,A,EA,1,Y
411,AFPL00TT0220000,TT GREEN ALGAE WAFERS 45G,3.89,5900470000000,A,EA,1,Y
412,AFPL00TT0230000,TT GREEN ALGAE WAFERS 113G,7.69,5900470000000,A,EA,1,Y
413,AFPL00TT0240000,TT WELSI GRAN 65G,2.87,5900470000000,A,EA,1,Y
414,AFPL00TT0250000,TT WELSI GRAN 162.5G,5.72,5900470000000,D,EA,1,Y
415,AFPL00TT0260000,TT WELSI GRAN 650G,13.5,5900470000000,D,EA,1,Y
416,AFPL00TT0270000,TT CARNIVORE 300G,11.01,5900470000000,D,EA,1,Y
417,AFPL00TT0280000,TT CARNIVORE 600G,18.62,5900470000000,D,EA,1,Y
418,AFPL00TT0290000,TT CARNIVORE 1.8KG,47.42,5900470000000,D,EA,1,Y
419,AFPL00TT0300000,TT CARIDINA NANO STICKS SACHET 10G,2.24,5900470000000,D,EA,1,Y
420,AFPL00TT0310000,TT GOLDFISH COLOUR PELLET 36G,1.97,5900470000000,D,EA,1,Y
421,AFPL00TT0320000,TT GOLDFISH COLOUR PELLET 90G,3.89,5900470000000,A,EA,1,Y
422,AFPL00TT0330000,TT BETTA 15G,2.43,5900470000000,A,EA,1,Y
423,AFPL00TT0340000,TT BETTA GRANULAT SACHET 10G,1.49,5900470000000,A,EA,1,Y
424,AFPL00TT0350000,TT AROWANA FLOATING STICKS SIZE L 32G,3.92,5900470000000,D,EA,1,Y
425,AFPL00TT0360000,TT AROWANA FLOATING STICKS SIZE XXL 80G,7.83,5900470000000,D,EA,1,Y
426,AFPL00TT0370000,TT AMERICA SINKING GRAN SIZE S 56G,5.97,5900470000000,D,EA,1,Y
427,AFPL00TT0380000,TT AMERICA SINKING GRAN SIZE M 60G,5.97,5900470000000,D,EA,1,Y
428,AFPL00TT0390000,TT AMERICA SINKING CHIPS SIZE L 52G,5.57,5900470000000,D,EA,1,Y
429,AFPL00TT0400000,TT AFRICA CARNIVORE SINKING CHIPS 52G,5.69,5900470000000,D,EA,1,Y
430,AFPL00TT0410000,TT AFRICA HERBIVORE SINKING CHIPS 52G,5.69,5900470000000,D,EA,1,Y
431,AFPL00TT0420000,TT MARINE SINKING GRAN SIZE S 60G,6.59,5900470000000,D,EA,1,Y
432,AFPL00TT0430000,TT MARINE SINKING CHIPS SIZE M 52G,6.14,5900470000000,D,EA,1,Y
433,AFPL00TT0440000,TT MARINE SINKING CHIPS SIZE L 52G,6.14,5900470000000,D,EA,1,Y
434,AFPL00TT0450000,TT KOI & GOLDFISH S.COLOUR STICKS 650G,14.69,5900470000000,D,EA,1,Y
435,AFPL00TT0480000,TT KOI GROWTH&COLOR SM PELLET 3L,21.84,5900470000000,D,EA,1,Y
436,AFPL00TT0490000,TT KOI GROWTH&COLOR SM PELLET 5L,32.79,5900470000000,D,EA,1,Y
437,AFPL00TT0500000,TT KOI GROWTH&COLOR MD PELLET 3L,18.42,5900470000000,D,EA,1,Y
438,AFPL00TT0510000,TT KOI GROWTH&COLOR MD PELLET 5L,27.6,5900470000000,D,EA,1,Y
439,AFPL00TT0520000,TT KOI W.GERM&GARLIC SM PELLET 3L,16.24,5900470000000,D,EA,1,Y
440,AFPL00TT0530000,TT KOI W.GERM&GARLIC SM PELLET 5L,24.35,5900470000000,D,EA,1,Y
441,AFPL00TT0540000,TT KOI W.GERM&GARLIC MD PELLET 3L,13.62,5900470000000,D,EA,1,Y
442,AFPL00TT0550000,TT KOI W.GERM&GARLIC MD PELLET 5L,20.41,5900470000000,D,EA,1,Y
443,AFPL00TT1220000,TT SOFT AMERICA 10 SACHET W/BONUS PACK,2.86,5900470000000,D,EA,1,Y
444,AFPL00TU1670000,TU MARINE PROBIOTIC SOFT SM 100ML/60G,7.47,5900470000000,D,EA,1,Y
445,AFPL00TU1680000,TU MARINE PROBIOTIC SOFT SM 250ML/150G,14.96,5900470000000,D,EA,1,Y
446,AFPL00TU1690000,TU MARINE PROBIOTIC SOFT MED 100ML/52G,6.98,5900470000000,A,EA,1,Y
447,AFPL00TU1700000,TU MARINE PROBIOTIC SOFT MED 250ML/130G,13.95,5900470000000,A,EA,1,Y
448,AFPL00TU1710000,TU MARINE PROBIOTIC SOFT LG 100ML/52G,6.98,5900470000000,A,EA,1,Y
449,AFPL00TU1720000,TU MARINE PROBIOTIC SOFT LG 250ML/130G,13.95,5900470000000,A,EA,1,Y
450,AFPL00TU1730000,TU PRO DEFENCE MICRO SIZE 100ML/60G,7.95,5900470000000,A,EA,1,Y
451,AFPL00TU1740000,TU PRO DEFENCE SM 100ML/52G,4.57,5900470000000,D,EA,1,Y
452,AFPL00TU1750000,TU PRO DEFENCE SM 250ML/130G,9.15,5900470000000,D,EA,1,Y
453,AFPL00TU1760000,TU PRO DEFENCE SM 1000ML/520G,22.87,5900470000000,D,EA,1,Y
454,AFPL00TU1770000,TU PRO DEFENCE MED 100ML/44G,3.68,5900470000000,A,EA,1,Y
455,AFPL00TU1780000,TU PRO DEFENCE MED 250ML/110G,7.36,5900470000000,A,EA,1,Y
456,AFPL00TU1790000,TU PRO DEFENCE MED 1000ML/440G,18.39,5900470000000,D,EA,1,Y
457,AFPL00TU1800000,TU MARINE CORAL FOOD LPS GRAN 100ML,11.08,5900470000000,A,EA,1,Y
458,AFPL00TU1810000,TU SOFT ASIA SIZE S 100ML,5.23,5900470000000,A,EA,1,Y
459,AFPL00TU1820000,TU SOFT ASIA SIZE S 250ML,10.45,5900470000000,D,EA,1,Y
460,AFPL00TU1830000,TU SOFT ASIA SIZE M 100ML,4.19,5900470000000,D,EA,1,Y
461,AFPL00TU1840000,TU SOFT ASIA SIZE M 250ML,8.5,5900470000000,A,EA,1,Y
462,AFPL00TU1850000,TU SOFT CARNIVORE 250ML,7.26,5900470000000,A,EA,1,Y
463,AFPL00TU1860000,TU SOFT CARNIVORE 1000ML,17.01,5900470000000,D,EA,1,Y
464,AFPL00TU1870000,TU SOFT MONSTER FISH 1000ML,17.01,5900470000000,D,EA,1,Y
465,AFSG00TU0010000,TU GEL CARNIVORE 105G (3X35G),14.35,5900470000000,D,EA,1,Y
466,AFSG00TU0020000,TU GEL HERBIVORE 105G (3X35G),14.35,5900470000000,D,EA,1,Y
467,AFSG00TU0030000,TU GEL OMNIVORE 105G (3X35G),14.35,5900470000000,D,EA,1,Y
468,AFSG00TU0040000,TU GEL MARINE POWER 105G (3X35G),17.34,5900470000000,D,EA,1,Y
469,AFVA00TT0010000,TT WEEKEND FOOD SACHET 20G,2.39,5900470000000,A,EA,1,Y
470,ALRB00JC0010000,JC LAMP FOR SUBMARINER 5W,22.01,6940010000000,D,EA,1,N
471,ALRB00JC0020000,JC LAMP FOR SUBMARINER 9W,28.89,6940010000000,D,EA,1,N
472,ALRB00JC0030000,JC LAMP FOR SUBMARINER 13W,37.28,6940010000000,D,EA,1,N
473,ALRB00JC0040000,JC LAMP FOR NANOZAPP 3W,16.02,6940010000000,D,EA,1,N
474,ALRB00QT0010000,QT 5W UV LAMP-PC/SQ BASE/2 PIN,10.5,8102810000000,D,EA,1,N
475,ALRB00QT0020000,QT 7W UV LAMP-PC/SQ BASE/2 PIN,10.9,8102810000000,D,EA,1,N
476,ALRB00QT0030000,QT 9W UV LAMP-PC/SQ BASE/2 PIN,11.4,8102810000000,D,EA,1,N
477,ALRB00QT0040000,QT 13W UV LAMP-PC/SQ BASE/2 PIN,16.52,8102810000000,D,EA,1,N
478,ALRBH5GS0010000,GS AQUABLUE CORAL T5 24W,15.18,4029940000000,D,EA,1,Y
479,ALRBH5GS0020000,GS AQUABLUE CORAL T5 39W,16.79,4029940000000,A,EA,1,Y
480,ALRBH5GS0030000,GS AQUABLUE CORAL T5 54W,19.18,4029940000000,A,EA,1,Y
481,ALRBH5GS0040000,GS AQUABLUE AZURE T5 24W,15.18,4029940000000,D,EA,1,Y
482,ALRBH5GS0050000,GS AQUABLUE AZURE T5 39W,16.79,4029940000000,D,EA,1,Y
483,ALRBH5GS0060000,GS AQUABLUE AZURE T5 54W,19.18,4029940000000,D,EA,1,Y
484,ALRBH5GS0070000,GS ACTINIC BLUE T5 24W,15.18,4029940000000,A,EA,1,Y
485,ALRBH5GS0080000,GS ACTINIC BLUE T5 39W,16.79,4029940000000,A,EA,1,Y
486,ALRBH5GS0090000,GS ACTINIC BLUE T5 54W,19.18,4029940000000,A,EA,1,Y
487,ALRBH5GS0100000,GS SUPER ACTINIC T5 24W,16.79,4029940000000,D,EA,1,Y
488,ALRBH5GS0110000,GS SUPER ACTINIC T5 39W,18.39,4029940000000,A,EA,1,Y
489,ALRBH5GS0120000,GS SUPER ACTINIC T5 54W,20.79,4029940000000,A,EA,1,Y
490,ALRBH5GS0130000,GS SUPER PURPLE T5 24W,15.99,4029940000000,D,EA,1,Y
491,ALRBH5GS0140000,GS SUPER PURPLE T5 39W,17.58,4029940000000,D,EA,1,Y
492,ALRBH5GS0150000,GS SUPER PURPLE T5 54W,19.98,4029940000000,A,EA,1,Y
493,ALRBH5GS0160000,GS TROPIC T5 24W,15.18,4029940000000,A,EA,1,Y
494,ALRBH5GS0170000,GS TROPIC T5 39W,16.79,4029940000000,A,EA,1,Y
495,ALRBH5GS0180000,GS TROPIC T5 54W,19.18,4029940000000,D,EA,1,Y
496,ALRBH5GS0190000,GS SUPER FLORA T5 24W,15.99,4029940000000,A,EA,1,Y
497,ALRBH5GS0200000,GS SUPER FLORA T5 39W,17.58,4029940000000,A,EA,1,Y
498,ALRBH5GS0210000,GS SUPER FLORA T5 54W,19.98,4029940000000,A,EA,1,Y
499,ALRBH5GS0220000,GS AQUABLUE CORAL T5 80W,20.78,4029940000000,D,EA,1,Y
500,ALRBH5GS0230000,GS AQUABLUE AZURE T5 80W,20.78,4029940000000,D,EA,1,Y
501,ALRBH5GS0240000,GS ACTINIC BLUE T5 80W,20.78,4029940000000,D,EA,1,Y
502,ALRBH5GS0250000,GS SUPER ACTINIC T5 80W,22.38,4029940000000,D,EA,1,Y
503,ALRBH5GS0260000,GS SUPER PURPLE T5 80W,21.58,4029940000000,D,EA,1,Y
504,ALRBH5GS0270000,GS TROPIC T5 80W,20.78,4029940000000,D,EA,1,Y
505,ALRBH5GS0280000,GS SUPER FLORA T5 80W,21.58,4029940000000,D,EA,1,Y
506,ALRBMHAM0080000,AM MH 250W 20K DBL SOCKET BULB,176.72,4014690000000,X,EA,1,N
507,ALRBPCJC0010000,JC 8G NANO 180 PC LAMP-DAYLIGHT,13.05,6924780000000,D,EA,1,Y
508,ALRBPCJC0020000,JC 8G NANO 180 PC LAMP-COMBO,19.64,6924780000000,D,EA,1,Y
509,ALRBPCJC0030000,JC 10K 105W PC LAMP,51.48,6940010000000,D,EA,1,Y
510,ALRBPCJC0040000,JC LAMP F/MACRO-GLO 15W 6400K,12.37,6940010000000,D,EA,1,Y
511,ALRBPCJC0050000,JC LAMP F/MACRO-GLO 25W 6400K,14.41,6940010000000,D,EA,1,Y
512,AMBI00AM0020000,AM DENIMAR 150 GRAMS,36.83,4025900000000,X,EA,1,N
513,AMBI00JC0010000,JC 8G NANO 180 CERAMIC RING-3PK,6.79,6924780000000,D,EA,1,N
514,AMBI00JC0020000,JC 28G NANO CUBE CERAMIC RINGS,4.25,6940010000000,D,EA,1,N
515,AMBI00SQ0010000,SQ BIOKER CERAMIC MEDIA 270G,7.5,8011470000000,A,EA,1,N
516,AMBI00SQ0020000,SQ AKUA PURE HP BIO MEDIA 300G,8.1,8011470000000,A,EA,1,N
517,AMCH00JC0010000,JC 8G NANO 180 CARBON-3PK,6.79,6924780000000,D,EA,1,Y
518,AMCH00JC0020000,JC 28G ACTIVATED CARBON INSERT,4.53,6940010000000,D,EA,1,Y
519,AMCH00KP0010000,KP CARBON 1000 ML,12.01,4031750000000,X,EA,1,N
520,AMCH00PB0010000,PB ROWAPHOS 100ML,13.36,4032970000000,A,EA,1,Y
521,AMCH00PB0020000,PB ROWAPHOS 250ML,20.04,4032970000000,A,EA,1,Y
522,AMCH00PB0030000,PB ROWAPHOS 500ML,29.69,4032970000000,A,EA,1,Y
523,AMCH00PB0040000,PB ROWAPHOS 1000ML,44.54,4032970000000,A,EA,1,Y
524,AMCH00PB0050000,PB ROWAPHOS 5 L,148.49,4032970000000,A,EA,1,Y
525,AMCN00JC0010000,JC REACTION COARSE SPONGE (2PK),6.09,6924780000000,X,EA,1,N
526,AMCN00JC0020000,JC REACTION FINE SPONGE (3PK),7.61,6924780000000,D,EA,1,N
527,AMCN00JC0030000,JC REACTION ACTIVATED CARBON BAG,5.5,6924780000000,X,EA,1,N
528,AMHO00SE0010000,SE REFLEX 13 REPLACMENT CARBON CART,1.91,9325140000000,A,EA,1,N
529,AMHO00SE0020000,SE REFLEX 13 REPLACEMENT SPONGE,0.85,9325140000000,A,EA,1,N
530,AMHO00SE0030000,SE REFLEX 15 REPLACMENT CARBON CART,1.86,9325140000000,A,EA,1,N
531,AMHO00SE0040000,SE REFLEX 15 REPLACEMENT SPONGE,0.85,9325140000000,A,EA,1,N
532,AMHO00SE0050000,SE REFLEX 26 REPLACEMENT SPONGE,1.66,9325140000000,A,EA,1,N
533,AMHO00SE0060000,SE REFLEX 26 REPLACMENT CARBON CART,1.43,9325140000000,A,EA,1,N
534,AMHO00SE0070000,SE REFLEX 26 REPLACMENT CERAMIC CART,1.64,9325140000000,A,EA,1,N
535,AMIN00JC0010000,JC SUBMARINER REPL SPONGES-3PK,7.35,6940010000000,D,EA,1,N
536,AMIN00QL0010000,QL CARTRIDGE AQUACLAY S,6.22,5607330000000,A,EA,1,N
537,AMIN00QL0020000,QL CARTRIDGE COARSE FOAM L,7.85,5607330000000,A,EA,1,N
538,AMIN00QL0030000,QL CARTRIDGE FIBER L,4.95,5607330000000,A,EA,1,N
539,AMIN00QL0040000,QL CARTRIDGE AQUACLAY L,8.15,5607330000000,A,EA,1,N
540,AMIN00QL0050000,QL CARTRIDGE ACTIVE CARBON L,13.86,5607330000000,A,EA,1,N
541,AMIN00QL0060000,QL CARTRIDGE ACTIVE CARBON S,8.82,5607330000000,A,EA,1,N
542,AMIN00SE0010000,SE BETTA DUO/TRIO CARBON CARTRIDGE 2PK,3.71,9325140000000,A,EA,1,N
543,AMIN00SE0020000,SE BETTA DUO/TRIO CERAMIC CARTRIDGE,2.85,9325140000000,A,EA,1,N
544,AMME00JC0010000,JC 8G NANO 180 REPL SPONGE-6PK,6.53,6924780000000,X,EA,1,N
545,AMME00JC0020000,JC 28G NANO CUBE SPONGE,3.62,6940010000000,X,EA,1,N
546,AMME00SQ0010000,SQ WHALE 120/200 SPONGE 2 PK,8.55,8011470000000,A,EA,1,N
547,AMME00SQ0020000,SQ WHALE 350/500 SPONGE 3 PK,11.4,8011470000000,A,EA,1,N
548,APAR00SE0010000,SE RELEX 13 & 15 IMPELLER,3.24,9325140000000,A,EA,1,N
549,APAR00SE0020000,SE RELEX 26 IMPELLER,3.62,9325140000000,A,EA,1,N
550,APCA00AP0070000,AP SPRAYBAR EXT 4PK W/CAP,6.93,3370730000000,X,EA,1,N
551,APCN00EH0390000,EH REPL CANNISTER 2224,46.02,4011710000000,X,EA,1,N
552,APCN00EH1890000,EH SPRAY BAR PLUG 2260/WD,1.78,4011710000000,X,EA,1,N
553,APCN00EH2230000,EH UP PART WET/DRY F/2227,11.95,4011710000000,X,EA,1,N
554,APCN00EH2240000,EH UP PART WET/DRY F/2229,17.85,4011710000000,X,EA,1,N
555,APCN00RN0110000,RN INLET PIPE EXTEN.(X2) #7,3.83,3370730000000,X,EA,1,N
556,APCN00RN0120000,RN INLET STRAINER #8,5.23,3370730000000,D,EA,1,N
557,APCN00RN0330000,RN SUCTION CUPS(X4) #15,2.64,3370730000000,X,EA,1,N
558,APCN00TZ0010000,TZ DOUBLE TAP CONNECTOR 12MM,13.57,4719860000000,A,EA,1,N
559,APCN00TZ0020000,TZ DOUBLE TAP CONNECTOR 16MM,13.57,4719860000000,A,EA,1,N
560,APLGLEQL0010000,QL EXTENSION CABLE DC EXTENSION CABLE 2.,10.37,5607330000000,D,EA,1,N
561,APLGMLEM0050000,EM US PLUS ONE LONG RAIL KIT,40.43,US71375758561 ,D,EA,1,Y
562,APLGMLEM0060000,EM US RADION HANGING KIT,36.38,US79450420580 ,D,EA,1,Y
563,APLGMLEM0070000,EM US SHORT RAIL KIT,44.47,US79450420560 ,D,EA,1,Y
564,APRO00TZ0010000,TZ AUTO TOP OFF FLOAT VALVE,6.03,4719860000000,A,EA,1,N
565,APUV00JC0010000,JC NANOZAPP QUARTZ SLEEVE,9.9,6940010000000,D,EA,1,N
566,APWPEXEH0050000,EH PUMP COVER F/ 1250,2.01,4011710000000,X,EA,1,N
567,APWPEXEH0070000,EH THREADED INLET F/ 1060/1250,2.94,4011710000000,X,EA,1,N
568,APWPPHRS0010000,RS MAGNETIC SUPPORT 19MM 3/4IN,23.02,8057090000000,D,EA,1,N
569,APWPPHRS0020000,RS MAGNETIC SUPPORT 25MM 1IN,32.46,8057090000000,D,EA,1,N
570,APWPPHRS0030000,RS CLEANING BRUSH,4.44,8057090000000,D,EA,1,N
571,APWPPHRS0040000,RS IMPELLER ROTOR FOR MOVER M900,13.22,8057090000000,D,EA,1,N
572,APWPPHRS0050000,RS IMPELLER ROTOR FOR MOVER M1200,16.82,8057090000000,D,EA,1,N
573,APWPPHRS0060000,RS IMPELLER ROTOR FOR MOVER M1500,20.45,8057090000000,D,EA,1,N
574,APWPPHRS0070000,RS IMPELLER ROTOR FOR MOVER M1900,23.98,8057090000000,D,EA,1,N
575,APWPPHRS0080000,RS MAGNETIC SUPPORT 15MM .59IN ORIGINAL,25.85,8057090000000,D,EA,1,N
576,APWPPHRS0090000,RS FRONT CHAMBER REPLACEMENT,11.94,8057090000000,D,EA,1,N
577,APWPPHRS0100000,RS PROTECTION GRID,7.49,8057090000000,D,EA,1,N
578,APWPPHRS0110000,RS CONCENTRATOR NOZZLE,7.49,8057090000000,D,EA,1,N
579,APWPPHRS0120000,RS SP. MAGNETIC SUPPORT 19MM (0.75IN),31.36,8057090000000,D,EA,1,N
580,APWPPHRS0130000,RS IMPELLER ROTOR MOVER MX2600,20.98,8057090000000,D,EA,1,N
581,APWPPHRS0140000,RS IMPELLER ROTOR MOVER MX3000,25.27,8057090000000,D,EA,1,N
582,APWPPHRS0150000,RS IMPELLER ROTOR MOVER MX3500,27.32,8057090000000,D,EA,1,N
583,APWPPHRS0160000,RS IMPELLER ROTOR MOVER MX4100,29.46,8057090000000,D,EA,1,N
584,AQAF00AP0010000,AP ELBOWS (2PK),3.94,3370730000000,X,EA,1,N
585,AQAF00TZ0010000,TZ AIR DISTRIBUTOR T SHAPE,1.01,4719860000000,A,PK,3,N
586,AQAF00TZ0020000,TZ AIR FLOW CONTROLLER 2 WAY,1.68,4719860000000,A,PK,6,N
587,ARCO00TR0010000,TR CO2 DIFFUSER,9.42,5703250000000,A,EA,1,Y
588,ARCO00TR0020000,TR CERAMIC DISC F/NANO DIFFUSER,4.91,5703250000000,A,EA,1,N
589,ARCO00TR0030000,TR CO2 60 REFILL 3PK,16.24,5703250000000,A,EA,1,Y
590,ARCO00TZ0010000,TZ DISPOSABLE CO2 CYLINDER/95G (3PCS),37.29,4719860000000,A,EA,1,N
591,ARCO00TZ0020000,TZ ALUMINUM CO2 CYLINDER(1.0L),74.56,4719860000000,A,EA,1,N
592,ARCO00TZ0030000,TZ ALUMINUM CO2 CYLINDER(3.0L),139.82,4719860000000,A,EA,1,N
593,ARCO00TZ0040000,TZ ALUMINUM CO2 CYLINDER(1.0L)-W/SIDE VA,80.79,4719860000000,A,EA,1,N
594,ARCO00TZ0050000,TZ ALUMINUM CO2 CYLINDER(3.0L)-W/SIDE VA,161.57,4719860000000,A,EA,1,N
595,ARCO00TZ0060000,TZ ADJUSTABLE CYLINDER SUPPORT BASE,6.21,4719860000000,A,EA,1,N
596,ARCO00TZ0070000,TZ CO2 REGULATOR W/SOLENOID,124.28,4719860000000,A,EA,1,N
597,ARCO00TZ0080000,TZ CO2 REGULATOR W/SOLENOID/BUBBLE COUNT,136.71,4719860000000,A,EA,1,N
598,ARCO00TZ0090000,TZ CERAMIC CO2 DIFFUSER,7.77,4719860000000,A,EA,1,N
599,ARCO00TZ0100000,TZ 3 IN 1 CO2 DIFFUSER,10.88,4719860000000,A,EA,1,N
600,ARCO00TZ0110000,TZ REPLACEMENT CERAMIC 3 IN 1 CO2 DIFFUS,4.15,4719860000000,A,EA,1,N
601,ARCO00TZ0120000,TZ 2IN1 BUB COUNTER&CHECK VALVE F/AIR PI,11.31,4719860000000,D,EA,1,N
602,ARCO00TZ0130000,TZ METAL BUBBLE COUNTER & CHECK VALVE,12.18,4719860000000,A,EA,1,N
603,ARCO00TZ0140000,TZ INTENSE FLOW CO2 BUBBLE COUNTER,4.66,4719860000000,A,EA,1,N
604,ARCO00TZ0150000,TZ STAINLESS CHECK VALVE,3.16,4719860000000,A,EA,1,N
605,ARCO00TZ0160000,TZ CO2 INDICATOR-ALL ANGLE VIEW,7.46,4719860000000,A,EA,1,N
606,ARCO00TZ0170000,TZ SOLUTION F/CO2 INDICATOR,3.73,4719860000000,A,EA,1,N
607,ARCO00TZ0180000,TZ CO2 AIR PIPE HOLDER,2.49,4719860000000,D,EA,1,N
608,ARCO00TZ0190000,TZ CO2 EXTERNAL REACTOR,12.18,4719860000000,A,EA,1,N
609,ARCO00TZ0200000,TZ EXTERNAL CO2 CERAMIC REACTOR,22.63,4719860000000,A,EA,1,N
610,ARCO00TZ0210000,TZ REPLACEMENT CERAMIC FOR EXTERNAL CO2,6.39,4719860000000,D,EA,1,N
611,ARCO00TZ0220000,TZ HOSE ADAPTER,3.04,4719860000000,A,EA,1,N
612,ARCO00TZ0230000,TZ SURFACE SKIMMER & CO2 REACTOR,21.11,4719860000000,A,EA,1,N
613,ARCOKTTR0010000,TR CO2 SYSTEM 60,11.77,5703250000000,A,EA,1,Y
614,ARCOKTTZ0010000,TZ CO2 95G DISPOSABLE BASIC KIT,54.84,4719860000000,A,EA,1,N
615,ARCOKTTZ0020000,TZ CO2 95G DISPOSABLE ADVANCE KIT,70.06,4719860000000,A,EA,1,N
616,ARCOKTTZ0030000,TZ 1L CO2 ALUMINUM CYLINDER KIT,146.03,4719860000000,A,EA,1,N
617,ARCOKTTZ0040000,TZ 1L CO2 ALUMINUM CYLINDER PRO KIT,254.78,4719860000000,A,EA,1,N
618,ARCOKTTZ0050000,TZ CO2 PREMIUM PACK FACE SIDE,138.9,4719860000000,A,EA,1,N
619,ARCR00KP0020000,"KP CALCIUM REACTOR MDL ""C""",350,4031750000000,X,EA,1,N
620,ARCR00KP0030000,"KP CALCIUM REACTOR MDL ""HD""",700,4031750000000,X,EA,1,N
621,ARCRACKP0010000,KP KORALITH ARAGONITE,40.17,4031750000000,X,EA,1,N
622,ARCRACKP0020000,KP REEF BASE KG BUCKET,38.44,4031750000000,X,DZ,12,N
623,AREX00AM0040000,AM PHOSPHATE FILTER,59.28,4014690000000,X,EA,1,N
624,ARPSHOSE0010000,SE G216 HIGH PERFORMANCE PROTEIN SKIMMER,54.82,9325140000000,X,EA,1,N
625,ARPSHOSE0020000,SE G220 HIGH PERFORMANCE PROTEIN SKIMMER,68.86,9325140000000,X,EA,1,N
626,ARPSHOUT0010000,UT PROTEIN SKIMMER 2516,41.48,6924780000000,X,EA,1,N
627,ARPSHOUT0020000,UT PROTEIN SKIMMER 2520,51.98,6924780000000,X,EA,1,N
628,ARPSINAM0030000,AM TURBOFLOTOR 5000 COMPACT,523.69,4025900000000,X,EA,1,N
629,ARPSINJC0010000,JC 28G PROTEIN SKIMMER KIT,39.88,6940010000000,X,EA,1,N
630,ARSP00TZ0010000,TZ BIO SPONGE S SIZE,4.69,4719860000000,A,EA,1,N
631,ARSP00TZ0020000,TZ BIO SPONGE L SIZE,5.08,4719860000000,A,EA,1,N
632,ARUVRBAM0010000,AM BULB 5WATT UV,20.05,4025900000000,D,EA,1,N
633,ARUVRBAM0020000,AM BULB 9WATT UV,19.23,4025900000000,D,EA,1,N
634,ARUVRBJC0010000,JC REACTION 5W UVC LAMP,22.93,6924780000000,D,EA,1,N
635,ARUVRBTZ0010000,TZ UV 13W REPLACEMENT LAMP,31.35,4719860000000,A,EA,1,N
636,ARWD00AM0010000,AM BLUE REEF 1000 FILTER SYSTEM,941.06,4025900000000,X,EA,1,N
637,ARWD00QL0010000,"QL SUMP 50 FW 43,2X43,8X36,5",214.95,5607330000000,D,EA,1,N
638,ARWD00QL0020000,"QL SUMP 120 FW 57X43,8X35",299.5,5607330000000,D,EA,1,N
639,ARWD00QL0030000,"QL SUMP 50 SW 43,2X43,8X36,5",181.02,5607330000000,A,EA,1,N
640,ARWD00QL0040000,"QL SUMP 65 SW 55,2X43,8X35",203.31,5607330000000,A,EA,1,N
641,ARWD00QL0050000,"QL SUMP 120 SW 57X43,8X35",217.25,5607330000000,A,EA,1,N
642,ARWD00QL0060000,"QL SUMP 65 FW 55,2X43,8X35",227.05,5607330000000,D,EA,1,N
643,ARWD00QL0070000,"QL SUMP 92 FW 57X43,8X35",289.65,5607330000000,D,EA,1,N
644,ARWD00QL0080000,QL SUMP 150 FW 91X55X35,333.45,5607330000000,D,EA,1,N
645,ARWD00QL0090000,"QL SUMP 92 SW 57X43,8X35",209.18,5607330000000,A,EA,1,N
646,ARWD00QL0100000,QL SUMP 150 SW 91X55X35,256.54,5607330000000,A,EA,1,N
647,ASGD00KM0010000,KM PROSCRAPER II DISPLAY,409.37,1075190000000,X,EA,1,Y
648,ATTHDITZ0010000,TZ TWIN DISPLAY DIGITAL THERMOMETER,10.56,4719860000000,A,EA,1,N
649,ATTHDITZ0020000,TZ LCD DIGITAL THERMOMETER,7.01,4719860000000,A,EA,1,Y
650,ATTHSTRP0010000,RP FLOAT & SINK THERM.,7.94,7883790000000,X,EA,1,N
651,AUPHACTZ0010000,"TZ VORTEX FLOW ACCELERATOR 1/2""",15.24,4719860000000,A,EA,1,N
652,AUPHACTZ0020000,"TZ VORTEX FLOW ACCELERATOR 3/4""",15.24,4719860000000,A,EA,1,N
653,AUPHACTZ0030000,"TZ VORTEX FLOW ACCELERATOR 1""",15.24,4719860000000,A,EA,1,N
654,AWBI00AP0140000,AP STRESS COAT 4OZ,2.14,BA31716303085 ,X,DZ,12,Y
655,AWBI00EA0010000,EA EASYSTART 100 ML,2.4,8715840000000,X,PK,6,N
656,AWBI00EA0020000,EA EASYSTART 250 ML,4.36,8715840000000,X,PK,6,N
657,AWBI00EA0030000,EA EASYSTART 500 ML,6.64,8715840000000,X,PK,4,N
658,AWFT00EA0010000,EA VOOGLE 250 ML,5.73,8715840000000,X,PK,4,N
659,AWFT00EA0020000,EA VOOGLE 500 ML,9.5,8715840000000,X,PK,4,N
660,AWFT00EA0030000,EA VOOGLE 1000 ML,15.46,8715840000000,X,EA,1,N
661,AWFT00TT0010000,TT KETAPANG EXTRACT BLACK WATER 50ML,2.58,5900470000000,D,EA,1,Y
662,AWFT00TT0020000,TT QUEREX OAK BARK EXTRACT 50ML,2.51,5900470000000,D,EA,1,Y
663,AWMD00EA0010000,EA EXCITAL RED SLIME REMOVER 250ML,6.3,8715840000000,X,PK,6,N
664,AWMD00EA0020000,EA EXCITAL RED SLIME REMOVER 500ML,10.3,8715840000000,X,PK,4,N
665,AWMD00EA0030000,EA EXCITAL RED SLIME REMOVER 1000ML,16.83,8715840000000,X,EA,1,N
666,AWMSCOAM0010000,AM PLANCTO 100ML,7.93,4014690000000,X,EA,1,Y
667,AWMSCOAM0020000,AM PLANCTO 250ML,14.17,4014690000000,X,EA,1,Y
668,AWMSCOKP0010000,KP KALKWASSER 500 GM,17.55,4031750000000,X,EA,1,N
669,AWMSCOSJ0010000,SJ ALL IN ONE SUPPL. 250 ML,14.72,8714080000000,D,EA,1,N
670,AWMSCOSJ0020000,SJ ALL IN ONE SUPPL. 500 ML,23.63,8714080000000,D,EA,1,N
671,AWMSCOSJ0030000,SJ ALL IN ONE SUPPL. 1000 ML,37.75,8714080000000,D,EA,1,N
672,AWPL00OS0010000,OS CO2 LIQUID PLANT SUPLEMENT,8.32,4975680000000,X,EA,3,N
673,AWPL00TR0010000,TR MASTER GROW 100ML,4.96,5703250000000,D,DZ,12,N
674,AWPL00TR0020000,TR MASTER GROW 250ML,7.07,5703250000000,D,DZ,12,N
675,AWPL00TR0030000,TR MASTER GROW 500ML,12.36,5703250000000,D,DZ,12,N
676,AWPL00TR0050000,TR PLANT NUTRI PLUS CAPS 12 PC,6.34,5703250000000,D,EA,1,Y
677,AWPL00TR0060000,TR PLANT NUTRI PLUS CAPS 36 PC,14.02,5703250000000,D,EA,1,Y
678,AWPL00TR0070000,TR PLANT NUTRITION LIQ. 250ML,7.16,5703250000000,D,EA,1,Y
679,AWPL00TR0080000,TR PLANT NUTRITION LIQ. 500ML,13.47,5703250000000,D,EA,1,Y
680,AWPL00TR0090000,TR PLANT GROWTH PREMIUM 5L,115.45,5703250000000,X,EA,1,Y
681,AWPL00TR0100000,TR PLANT GROWTH PREMIUM 125 ML,4.39,5703250000000,A,CS,3,Y
682,AWPL00TR0110000,TR PLANT GROWTH PREMIUM 300 ML,7.69,5703250000000,A,CS,3,Y
683,AWPL00TR0120000,TR SPECIALISED FERTILISER125ML,4.39,5703250000000,A,CS,3,Y
684,AWPL00TR0130000,TR SPECIALISED FERTILISER 300ML,7.69,5703250000000,A,CS,3,Y
685,AWPL00TR0140000,TR SPECIALISED FERTILISER 5L,115.46,5703250000000,X,EA,1,Y
686,AWPL00TR0150000,TR SUBSTRATE 1L,8.59,5703250000000,A,CS,3,Y
687,AWPL00TR0160000,TR SUBSTRATE 2.5L,15.5,5703250000000,A,CS,3,Y
688,AWPL00TR0170000,TR NUTRITION CAPSULES 10PC,5.86,5703250000000,A,CS,3,Y
689,AWPL00TZ0020000,TZ PLANT FERTILIZER BALL 10PCS,5.88,4719860000000,A,EA,1,N
690,AWPL00TZ0030000,TZ PLANT FERTILIZER BALL 20PCS,11.58,4719860000000,A,EA,1,N
691,AWSMSWRE0010000,RE SALT 10L CAN,2.07,7290100000000,X,EA,1,N
692,AWWC00EA0010000,EA FLUID FILTER MEDIUM 100 ML,2.4,8715840000000,X,PK,6,N
693,AWWC00EA0020000,EA FLUID FILTER MEDIUM 250 ML,4.36,8715840000000,X,PK,6,N
694,AWWC00EA0030000,EA FLUID FILTER MEDIUM 500 ML,6.64,8715840000000,X,PK,4,N
695,AXELCOJC0010000,JC TRUE TEMP DIG.HEATER CONTROLLER,114.85,8809170000000,D,EA,1,N
696,AXELPRTZ0010000,TZ PH ELECTRODE,37.29,4719860000000,D,EA,1,N
697,AXHY00TZ0010000,TZ HYDROMETER,8.14,4719860000000,A,EA,1,N
698,AXIDSWSJ0010000,SJ AMMONIA TEST KIT,9.78,8714080000000,A,EA,1,N
699,AXIDSWSJ0020000,SJ CALCIUM TEST KIT,13.17,8714080000000,A,EA,1,N
700,AXIDSWSJ0030000,SJ COPPER TEST KIT,11.87,8714080000000,A,EA,1,N
701,AXIDSWSJ0040000,SJ KH/ALKA TEST KIT,11.52,8714080000000,A,EA,1,N
702,AXIDSWSJ0050000,SJ MAGNESIUM TEST KIT,13.73,8714080000000,A,EA,1,N
703,AXIDSWSJ0060000,SJ NITRATE TEST KIT,12.16,8714080000000,A,EA,1,N
704,AXIDSWSJ0070000,SJ NITRITE TEST KIT,8.3,8714080000000,A,EA,1,N
705,AXIDSWSJ0080000,SJ OXYGEN TEST KIT,10.42,8714080000000,A,EA,1,N
706,AXIDSWSJ0090000,SJ PH TEST KIT,7.64,8714080000000,A,EA,1,N
707,AXIDSWSJ0100000,SJ PHOSPHATE TEST KIT,13.73,8714080000000,A,EA,1,N
708,AXIDSWSJ0110000,SJ POTASSIUM TEST KIT,13.17,8714080000000,A,EA,1,N
709,AZPL00TR0010000,TR 1-2-GROW ALTERNANTHERA REINECKII MINI,6.49,5703250000000,A,EA,1,Y
710,AZPL00TR0020000,TR 1-2-GROW ECHINODORUS TENELLUS 'GREEN',6.49,5703250000000,A,EA,1,Y
711,AZPL00TR0030000,TR 1-2-GROW ELEOCHARIS ACICULARIS 'MINI',6.49,5703250000000,A,EA,1,Y
712,AZPL00TR0040000,TR 1-2-GROW GLOSSOSTIGMA ELATINOIDES,6.49,5703250000000,A,EA,1,Y
713,AZPL00TR0050000,TR 1-2-G HEMIANTHUS CALLITRICHOIDES CUBA,6.49,5703250000000,A,EA,1,Y
714,AZPL00TR0060000,TR 1-2-GROW LILAEOPSIS BRASILIENSIS,6.49,5703250000000,A,EA,1,Y
715,AZPL00TR0070000,TR 1-2-GROW MICRANTHEMUM 'MONTE CARLO',6.49,5703250000000,A,EA,1,Y
716,AZPL00TR0080000,TR 1-2-GROW RICCIA FLUITANS,6.49,5703250000000,A,EA,1,Y
717,AZPL00TR0090000,TR 1-2-GROW ROTALA 'BONSAI',6.49,5703250000000,A,EA,1,Y
718,AZPL00TR0100000,TR 1-2-GROW STAUROGYNE REPENS,6.49,5703250000000,A,EA,1,Y
719,AZPL00TR0110000,TR 1-2-GROW TAXIPHYLLUM BARBIERI,6.49,5703250000000,A,EA,1,Y
720,AZPL00TR0120000,TR 1-2-GROW TAXIPHYLLUM 'FLAME',6.49,5703250000000,A,EA,1,Y
721,AZPL00TR0130000,TR 1-2-GROW UTRICULARIA GRAMINIFOLIA,6.49,5703250000000,A,EA,1,Y
722,AZPL00TR0140000,TR 1-2-GRO VESICULARIA DUBYANA CHRISTMAS,6.49,5703250000000,A,EA,1,Y
723,AZPL00TR0150000,TR 1-2-GROW VESICULARIA FERRIEI WEEPING,6.49,5703250000000,A,EA,1,Y
724,BCSC00BC0080000,"BC SS CAGE 28""X18""X55"" (25"")",132.03,xx64447280401 ,X,EA,1,N
725,BCSC00BC0090000,"BC SS CAGE 32""X21""X61"" (31"")",147.97,xx64447201894 ,X,EA,1,N
726,BFSE00DA0010000,DA V-L PREMIUM SEED CANARY 1KG,5.86,5410340000000,A,EA,1,Y
727,BFSE00DA0020000,DA V-L PREMIUM SEED CANARY 2.5KG,13.26,5410340000000,A,EA,1,Y
728,BFSE00DA0030000,DA V-L PREMIUM SEED EXOTIC BIRD 1KG,5.81,5410340000000,A,EA,1,Y
729,BFSE00DA0060000,DA V-L PREMIUM SEED PARROT 1KG,6.01,5410340000000,A,EA,1,Y
730,BFSE00DA0080000,DA V-L PREMIUM SEED PARROT AFRICAN 1KG,7.26,5410340000000,A,EA,1,Y
731,BFSE00DA0090000,DA V-L PREMIUM SEED PARAKEET AFRICAN 1KG,6.01,5410340000000,A,EA,1,Y
732,BFSE00DA0100000,DA V-L PREMIUM SEED PARAKEET AUST 1KG,6.01,5410340000000,A,EA,1,Y
733,BFSE00DA0120000,DA V-L PREMIUM SEED PARROT 2.5KG,14.51,5410340000000,A,EA,1,Y
734,BFSE00DA0140000,DA V-L EXOTIC NUTS PARROTS 750G,6.5,5410340000000,A,EA,1,Y
735,BFSE00DA0150000,DA V-L PRESTIGE NOODLE NIX HAWAIIAN SWEE,7,5410340000000,A,EA,1,Y
736,BFSE00DA0160000,DA VERSA-LAGA PERSTIGE AFRICAN PARROT MI,15.76,5410340000000,A,EA,1,Y
737,BFSE00TT0010000,TT CANARY 700G,3.68,5900470000000,A,EA,1,Y
738,BFSE00TT0020000,TT BUDGIE 700G,3.68,5900470000000,A,EA,1,Y
739,BFSE00TT0030000,TT COCKATIEL 700G,3.68,5900470000000,A,EA,1,Y
740,BFSE00TT0040000,TT EXOTEN 700G,3.68,5900470000000,A,EA,1,Y
741,BVSP00TT0010000,TT NEKTAR-VIT F/CANARIES 30ML,2.07,5900470000000,D,EA,1,Y
742,BVSP00TT0020000,TT NEKTAR-VIT F/RED CANARIES 30ML,2.39,5900470000000,D,EA,1,Y
743,BVSP00TT0030000,TT NEKTAR-VIT F/BUDGERIGARS 30ML,2.07,5900470000000,D,EA,1,Y
744,BVSP00TT0040000,TT NEKTAR-VIT F/COCKATIELS 30ML,2.07,5900470000000,D,EA,1,Y
745,BVSP00TT0050000,TT NEKTAR-VIR F/EXOTIC BIRDS 30ML,2.07,5900470000000,D,EA,1,Y
746,CCLBACDA0010000,DA RIGA COVER CAT PAN ARISTOCAT LOVE X6,22.5,3166780000000,A,EA,1,Y
747,CFTR00CJ0050000,CJ TEMPTATIONS HEARTY BEEF,1.68,1005850000000,A,CS,12,Y
748,CFTR00CJ0060000,CJ TEMPTATIONS TANTALIZING TURKEY,1.68,1005850000000,A,CS,12,Y
749,CFTR00CJ0070000,CJ TEMPTATIONS CREAMY DAIRY,1.68,1005850000000,A,CS,12,Y
750,CFTR00CJ0080000,CJ TEMPTATIONS SEAFOOD MEDLEY 85G,1.68,1005850000000,A,CS,12,Y
751,CFTR00CJ0090000,CJ TEMPTATIONS HAIRBALL CONTROL 85G,1.68,1005850000000,A,CS,12,Y
752,CFTR00CJ0100000,CJ TEMPTATIONS DENTABITES 60G,1.68,1005850000000,A,CS,12,Y
753,CFTR00CJ0110000,CJ ALL NAT TEMPTATIONS FR RNG CHICKN 70G,1.68,1005850000000,A,CS,12,Y
754,CFTR00CJ0120000,CJ ALL NAT TEMPTATIONS YLW FIN TUNA 70G,1.68,1005850000000,A,CS,12,Y
755,CQPT00DG0010000,DG LITTER KWITTER,33.58,9370000000000,X,EA,1,N
756,CYBO00NC0010000,NC WICKED BALL CAT ARTIIFICAL WOOL,39.75,6971880000000,A,EA,1,Y
757,CYIN00AS0150000,"AS FURRY MOUSE 3.5"" W/BELL",0.6,6641540000000,D,EA,1,N
758,CYIN00AS0260000,AS GLITTER BALL W/BELL BULK,0.23,6641540000000,D,PK,36,N
759,DCMP00FD0180000,FD PET REBEL STOP MUDDY PAWS BL,13,8691340000000,A,EA,1,Y
760,DCMP00FD0190000,FD PET REBEL I LOVE MY DINNER,5.5,8691340000000,A,EA,1,Y
761,DCMP00FD0210000,FD PET REBEL DINNER MATE BERKSHIRE TWEED,5.5,8691340000000,A,EA,1,Y
762,DFTR00CJ0350000,CJ DENTA STIX ORIGINAL MD 7pk,4.53,1002310000000,A,CS,10,Y
763,DLHR00PR0010000,PR BACK PACK ORANGE MD,19.5,8058330000000,D,EA,1,Y
764,DLHR00PR0020000,PR BACK PACK ORANGE LG,19.5,8058330000000,X,EA,1,Y
765,DLLE00PQ0050000,PQ FLEXI LED LIGHTING SYSTEM,12.19,4000500000000,A,EA,1,Y
766,DLLE00PQ0060000,PQ FLEXI GIANT TAPE MEDIUM 8M NEON,30.79,7000500000000,A,EA,1,Y
767,DMCRFCPE0110000,"PE CASUAL CARRIER BURBERRY 17x10x9""",24.72,8583420000000,D,EA,1,Y
768,DPSC00SW0010000,SW SHEDROW K9 HAMMOCK COVER,17.5,4712800000000,A,EA,1,Y
769,DQBA00NP0090000,NP ANTI-LICK STRIP STORE STARTER KIT,121.13,1089680000000,D,EA,1,N
770,DXDW00HG0020000,HG SERG WORM AWAY F/DOG 12CAP,7,73091xxx04251 ,X,EA,1,N
771,DYBF00AT0060000,AT PAWISE SQUEAKY STICK SM ASSTD COLOUR,2.65,8886470000000,X,EA,1,N
772,DYBF00AT0070000,AT PAWISE SQUEAKY STICK LG ASSTD COLOUR,5.5,8886470000000,X,EA,1,N
773,DYBF00AT0080000,AT PAWISE SQUEAKY BONE SM ASSTD COLOUR,1.92,8886470000000,X,EA,1,N
774,DYBF00AT0090000,AT PAWISE SQUEAKY BONE LG ASSTD COLOUR,2.3,8886470000000,X,EA,1,N
775,DYBF00AT0100000,AT PAWISE SQUEAKY BALL SM ASSTD COLOUR,1.67,8886470000000,X,EA,1,N
776,DYBF00AT0110000,AT PAWISE SQUEAKY BALL LG ASSTD COLOUR,1.96,8886470000000,X,EA,1,N
777,DYBF00AT0120000,AT PAWISE COLORFUL BRAIDED ROPE BONE,1.03,8886470000000,X,EA,1,Y
778,DYBF00AT0130000,AT PAWISE COLORFUL ROPE BONE 22CM,0.91,8886470000000,X,EA,1,Y
779,DYBF00AT0140000,AT PAWISE COLORFUL BRAIDED ROPE BALL LG,1.64,8886470000000,X,EA,1,Y
780,DYBF00AT0150000,AT PAWISE COLORFUL BRAIDED ROPE BALL SM,1.05,8886470000000,X,EA,1,Y
781,DYBO00NC0010000,NC WICKED BALL DOG BLUE,39.75,6971880000000,A,EA,1,Y
782,DYBO00NC0020000,NC WICKED BALL DOG GREEN,39.75,6971880000000,A,EA,1,Y
783,DYBO00NC0030000,NC WICKED BALL DOG YELLOW,39.75,6971880000000,A,EA,1,Y
784,PBBK00TR0010000,TR PLANTS CATALOGUE,14.16,5703250000000,D,EA,1,N
785,PBBK00TR0020000,TR TROPICA PLANT GUIDES,2.75,5703250000000,X,EA,1,N
786,PFPL00HK0020000,HK ECONOMY 11LB MEDIUM,47.49,4971620000000,X,EA,1,Y
787,RAFE00RT0320000,RT CRICKET FEEDER,5.89,6900000000000,D,EA,1,N
788,RBBK00BR0100000,BR REPTILE BASICS LEOPARD & FAT-TAILED GECKOS,4.68,9780760000000,D,EA,1,Y
789,RBBK00BR0120000,BR SUGAR GLIDERS,5.42,9780760000000,D,EA,1,N
790,RBBK00BR0130000,BR TURTLES AND TORTOISES,5.42,9780760000000,D,EA,1,N
791,RBBK00BR0150000,BR BEARDED DRAGONS MANUAL,5.42,9780760000000,D,EA,1,N
792,RBBK00FB0010000,FB ENCYCLOPEDIA REPTILES/AMPHIBIANS,23.53,9781550000000,X,EA,1,N
793,RBBK00FB0020000,FB TURTLES & TORTOISES,14.68,9781550000000,X,EA,1,N
794,RBBK00WB0010000,WB FROGS AND TOADS,8,9780470000000,D,EA,1,N
795,RBBK00WB0030000,WB HERMIT CRABS FOR DUMMIES,5.73,9780470000000,D,EA,1,N
796,RBBK00WB0040000,WB REPTILES & AMPHIBIANS F/DUMMIES,13.83,9780760000000,D,EA,1,N
797,RBBK00WB0050000,WB HAPPY HEALTHY TURTLE 2ND ED.,8,9780470000000,D,EA,1,N
798,RBBK00WB0060000,WB TURTLES & TORTOISES F/DUMMIES,12.32,9780760000000,D,EA,1,N
799,RCTA00CO0010000,CO TARTARIUM 40,27.96,5607390000000,D,EA,1,N
800,RCTA00CO0020000,CO TARTARIUM 60,35.25,5607390000000,D,EA,1,N
801,RCTA00CO0030000,CO TARTARIUM 80,48.24,5607390000000,D,EA,1,N
802,RCTA00RT0090000,RT TERRARIUM 32X18X24 KD,116.64,3760140000000,D,EA,1,N
803,RCTA00RT0100000,RT TERRARIUM 48X19X24 KD,181.44,3760140000000,D,EA,1,N
804,RCTA00RT0110000,RT TERRARIUM 48X19X48 KD,262.44,3760140000000,D,EA,1,N
805,RCTA00RT0120000,RT TERRARIUM 24X18X18 KD,104.3,3760140000000,D,EA,1,N
806,RCTOACRT0020000,RT REPTI LOCKER,2.61,3760140000000,D,EA,1,N
807,RDDE00RT0010000,RT GORILLA BONES,8.66,3760140000000,D,EA,1,N
808,RDDE00RT0020000,RT GATOR BONES,10.62,3760140000000,D,EA,1,N
809,RDDE00RT0030000,RT RHINOCEROS SKULL,6.1,6900000000000,D,EA,1,N
810,RDDOFLRT0030000,RT TURTLE ISLAND S,8.09,3760140000000,D,EA,1,N
811,RDDOFLRT0040000,RT TURTLE ISLAND M,10.52,3760140000000,D,EA,1,N
812,RDDOFLRT0050000,RT TURTLE ISLAND L,18.91,3760140000000,D,EA,1,N
813,RDPL00RT0080000,"RT JUNGLE TWIST MOSS VINE 60""",9.17,9325140000000,X,EA,1,N
814,RDPL00RT0090000,"RT JUNGLE TWIST LEAF VINE 60""",8.82,9325140000000,X,EA,1,N
815,RFFD00TT0010000,TT DRIED MEAL WORMS 13G,2.31,5900470000000,A,EA,1,Y
816,RFFD00TT0020000,TT DRIED MEAL WORMS 30G,3.91,5900470000000,A,EA,1,Y
817,RFFD00TT0030000,TT DRIED CRICKETS 10G,3.67,5900470000000,A,EA,1,Y
818,RFFD00TT0040000,TT DRIED CRICKETS 25G,6.8,5900470000000,A,EA,1,Y
819,RFFD00TT0050000,TT FD BLOOD WORMS 7G,4.3,5900470000000,A,EA,1,Y
820,RFFD00TT0060000,TT VITAREPT TURTLE FOOD 22G,1.82,5900470000000,A,EA,1,Y
821,RFFD00TT0070000,TT VITAREPT TURTLE FOOD 55G,3.47,5900470000000,D,EA,1,Y
822,RFPL00TT0010000,TT AXOLOTL STICKS 135G,6.27,5900470000000,A,EA,1,Y
823,RFPL00TT0020000,TT TRIOPS SACHET 10G,1.31,5900470000000,D,EA,1,Y
824,RFPL00TT0030000,TT REPTILES SOFT CARNIVORE 65G,6.47,5900470000000,D,EA,1,Y
825,RFPL00TT0040000,TT REPTILES SOFT CARNIVORE 260G,13.09,5900470000000,A,EA,1,Y
826,RFPL00TT0050000,TT REPTILES SOFT HERBIVORE 65G,6.47,5900470000000,D,EA,1,Y
827,RFPL00TT0060000,TT REPTILES SOFT HERBIVORE 260G,15.16,5900470000000,A,EA,1,Y
828,RTHUMIRT0010000,RT REPTISPRAY 2.5L,6.76,3760140000000,D,EA,1,N
829,RTTHDIRT0060000,RT DIGITAL REPTILE THERMOMETER,4.67,9325140000000,X,EA,1,N
830,RTTHDIRT0070000,RT DIGITAL REPTILE HYGROMETER,8.09,9325140000000,X,EA,1,N
831,RTTHDIRT0080000,RT DIGITALTHERMOMETER&HYGROMETER,11.48,9325140000000,X,EA,1,N
832,RTTHSTRT0010000,RT STICK-ON THERMOMETER,1.72,9325140000000,A,PK,6,N
833,RTTHSTRT0020000,RT STICK-ON HYGROMETER,3.5,9325140000000,A,PK,6,N
834,RVVI00RT0010000,RT TURTLE SAFE,0.71,3760140000000,D,PK,6,N
835,SFCF00DA0010000,DA V-L NATURE CHINCHILLA 750G,5.01,5410340000000,A,EA,1,Y
836,SFCF00TT0010000,TT CHINCHILLA 500G,3.68,5900470000000,A,EA,1,Y
837,SFCF00TT0020000,TT CHINCHILLA 1.5KG,9.91,5900470000000,A,EA,1,Y
838,SFEF00TT0010000,TT ATELERIX 300G,5.18,5900470000000,A,EA,1,Y
839,SFEF00TT0020000,TT ATELERIX 1KG,14.68,5900470000000,A,EA,1,Y
840,SFEF00TT0030000,TT ATELERIX 700G,10.86,5900470000000,A,EA,1,Y
841,SFGF00DA0010000,DA V-L NATURE CAVIA (GUINEA PIG) 750G,5.51,5410340000000,A,EA,1,Y
842,SFGF00DA0030000,DA VL-NATURE CAVIA /GUINEA PIG 700G,5.27,5410340000000,A,CS,5,Y
843,SFGF00TT0010000,TT GUINEA PIG 500G,2.87,5900470000000,A,EA,1,Y
844,SFGF00TT0020000,TT GUINEA PIG 1.5KG,7.73,5900470000000,A,EA,1,Y
845,SFHF00DA0030000,DA V-L NATURE MINI HAMSTER 400G,3.41,5410340000000,A,EA,1,Y
846,SFHF00DA0040000,DA V-L NATURE GERBIL (GERBIL) 750G,6.51,5410340000000,A,EA,1,Y
847,SFHF00DA0050000,DA V-L NATURE RAT 750G,5.76,5410340000000,A,EA,1,Y
848,SFHF00TT0010000,TT HAMSTER 500G,2.87,5900470000000,A,EA,1,Y
849,SFHF00TT0020000,TT MINI HAMSTER 150G,1.6,5900470000000,A,EA,1,Y
850,SFMF00TT0010000,TT RAT 500G,2.87,5900470000000,A,EA,1,Y
851,SFMF00TT0020000,TT DEGU 400G,3,5900470000000,A,EA,1,Y
852,SFRF00DA0010000,DA V-L NATURE CUNI (RABBIT) 750G,4.51,5410340000000,A,EA,1,Y
853,SFRF00DA0100000,DA VL-NATURE CUNI JUNIOR/RABBIT 700G,5.54,5410340000000,A,CS,5,Y
854,SFRF00TT0010000,TT RABBIT 500G,2.87,5900470000000,A,EA,1,Y
855,SFRF00TT0020000,TT RABBIT 1.5KG,7.73,5900470000000,A,EA,1,Y
856,SFRF00TT0030000,TT TROPIFIT RODENT & RABBIT SNACK 150G,1.96,5900470000000,X,EA,1,Y
857,SFTR00DA0010000,DA COMPLETE CROCK APPLE 50G,2.66,5410340000000,A,EA,1,Y
858,SFTR00DA0020000,DA COMPLETE CROCK CARROT 50G,2.66,5410340000000,A,EA,1,Y
859,SFTR00DA0030000,DA COMPLETE CROCK HERBS 50G,2.51,5410340000000,A,EA,1,Y
860,SFTR00DA0040000,DA COMPLETE CROCK BERRY 50G,2.51,5410340000000,A,EA,1,Y
861,SJDH00AS0060000,AS STAINLESS STEEL HAMSTER DISH,0.6,6641540000000,D,EA,1,N
